len,packet_id,flags,ttl,protocol,checksum,source_port,destination_port,test
64,60994,2,64,17,35083,59859,53,0
64,60995,2,64,17,35082,59859,53,0
64,46962,0,38,17,6620,53,59859,0
64,32716,0,38,17,20866,53,59859,0
60,31277,2,64,6,64815,40578,23000,0
48,2869,0,38,6,50740,23000,40578,0
40,31278,2,64,6,64834,40578,23000,0
121,31279,2,64,6,64752,40578,23000,0
40,19973,0,38,6,33644,23000,40578,0
321,27648,0,38,6,25688,23000,40578,0
40,885,0,38,6,52732,23000,40578,0
40,31280,2,64,6,64832,40578,23000,0
40,31281,2,64,6,64831,40578,23000,0
40,39713,0,38,6,13904,23000,40578,0
28,13995,0,53,1,35799,8,0,0
44,47044,0,45,6,4777,46483,443,0
40,39439,0,56,6,9570,46483,80,0
40,49206,0,59,1,64575,13,0,0
40,33536,0,38,6,20081,80,46483,0
40,30654,0,38,6,22963,443,46483,0
60,43935,2,64,6,52157,40580,23000,0
48,27726,0,38,6,25883,23000,40580,0
40,43936,2,64,6,52176,40580,23000,0
121,43937,2,64,6,52094,40580,23000,0
40,45070,0,38,6,8547,23000,40580,0
321,36167,0,38,6,17169,23000,40580,0
40,43938,2,64,6,52174,40580,23000,0
40,40620,0,38,6,12997,23000,40580,0
40,43939,2,64,6,52173,40580,23000,0
40,52723,0,38,6,894,23000,40580,0
71,65361,2,64,17,14335,56187,53,0
71,39894,0,38,17,62842,53,56187,0
44,1726,0,56,6,47279,46739,1723,0
44,63814,0,54,6,51238,46739,53,0
44,65294,0,57,6,48990,46739,8080,0
44,7958,0,50,6,42583,46739,111,0
44,53346,0,38,6,267,46739,135,0
44,4700,0,49,6,46097,46739,3306,0
44,36093,0,53,6,13680,46739,23,0
44,55503,0,50,6,60573,46739,1720,0
44,44837,0,43,6,7496,46739,25,0
44,49945,0,57,6,64339,46739,8888,0
40,32331,0,38,6,21286,1723,46739,0
44,38454,0,38,6,15159,53,46739,0
40,0,2,64,6,30577,46739,53,0
40,15691,0,38,6,37926,23,46739,0
40,526,0,38,6,53091,3306,46739,0
40,29502,0,38,6,24115,135,46739,0
40,49171,0,38,6,4446,111,46739,0
40,13972,0,38,6,39645,8080,46739,0
40,47809,0,38,6,5808,8888,46739,0
40,20905,0,38,6,32712,25,46739,0
40,35810,0,38,6,17807,1720,46739,0
60,15681,2,64,6,14876,40582,23000,0
48,54550,0,38,6,64594,23000,40582,0
40,15682,2,64,6,14895,40582,23000,0
121,15683,2,64,6,14813,40582,23000,0
40,6851,0,38,6,46766,23000,40582,0
321,54496,0,38,6,64375,23000,40582,0
40,15684,2,64,6,14893,40582,23000,0
40,32802,0,38,6,20815,23000,40582,0
40,15685,2,64,6,14892,40582,23000,0
40,27276,0,38,6,26341,23000,40582,0
40,38066,0,38,6,15551,53,46739,0
40,0,2,64,6,30577,46739,53,0
44,25070,0,42,6,27519,46739,445,0
44,20349,0,50,6,30192,46739,995,0
44,22135,0,39,6,31222,46739,21,0
44,18014,0,55,6,31247,46739,256,0
44,24081,0,55,6,25180,46739,443,0
44,5425,0,41,6,47420,46739,554,0
44,445,0,57,6,48304,46739,110,0
44,10780,0,53,6,38993,46739,113,0
44,47601,0,39,6,5756,46739,993,0
44,6846,0,42,6,45743,46739,22,0
44,21568,0,42,6,31021,46739,587,0
40,46651,0,38,6,6966,21,46739,0
40,63852,0,38,6,55300,995,46739,0
44,58653,0,58,6,55375,46739,3389,0
40,43402,0,38,6,10215,445,46739,0
44,21085,0,52,6,28944,46739,1025,0
44,6029,0,40,6,47072,46739,80,0
44,19065,0,37,6,34804,46739,139,0
44,46822,0,37,6,7047,46739,143,0
40,51136,0,38,6,2481,110,46739,0
40,38555,0,38,6,15062,554,46739,0
44,62562,0,46,6,54538,46739,5900,0
40,28659,0,38,6,24958,443,46739,0
40,56941,0,38,6,62211,256,46739,0
44,17542,0,58,6,30951,46739,199,0
44,4470,0,53,6,45303,46739,3527,0
44,29297,0,38,6,24316,46739,3737,0
44,38445,0,55,6,10816,46739,20000,0
44,40389,0,52,6,9640,46739,5405,0
44,54860,0,43,6,63008,46739,51103,0
40,29311,0,38,6,24306,22,46739,0
40,11299,0,38,6,42318,993,46739,0
44,42119,0,41,6,10726,46739,1164,0
44,56603,0,59,6,57169,46739,3351,0
40,28015,0,38,6,25602,113,46739,0
44,33921,0,57,6,14828,46739,49,0
44,47426,0,39,6,5931,46739,7201,0
44,21004,0,50,6,29537,46739,4444,0
44,5655,0,47,6,45654,46739,19842,0
44,37061,0,41,6,15784,46739,2601,0
44,26825,0,50,6,23716,46739,32771,0
44,8049,0,53,6,41724,46739,1000,0
44,33026,0,39,6,20331,46739,340,0
44,43187,0,46,6,8378,46739,19801,0
40,30280,0,38,6,23337,139,46739,0
40,13403,0,38,6,40214,80,46739,0
44,12216,0,40,6,40885,46739,79,0
40,54068,0,38,6,65084,1025,46739,0
40,41533,0,38,6,12084,3389,46739,0
40,17585,0,38,6,36032,587,46739,0
44,56090,0,37,6,63314,46739,2105,0
44,45475,0,43,6,6858,46739,54045,0
44,6760,0,56,6,42245,46739,49163,0
44,43453,0,41,6,9392,46739,1080,0
44,7235,0,52,6,42794,46739,49999,0
44,38385,0,38,6,15228,46739,8899,0
44,29286,0,52,6,20743,46739,9090,0
44,17262,0,52,6,32767,46739,8333,0
44,42754,0,50,6,7787,46739,6001,0
44,48923,0,41,6,3922,46739,1755,0
40,47325,0,38,6,6292,1164,46739,0
44,8948,0,39,6,44409,46739,49159,0
40,31114,0,38,6,22503,51103,46739,0
40,62217,0,38,6,56935,5405,46739,0
44,29626,0,40,6,23475,46739,5555,0
40,34830,0,38,6,18787,20000,46739,0
40,4663,0,38,6,48954,3737,46739,0
44,47005,0,39,6,6352,46739,5101,0
40,50679,0,38,6,2938,3527,46739,0
40,24479,0,38,6,29138,199,46739,0
44,61979,0,51,6,53841,46739,1027,0
40,63454,0,38,6,55698,5900,46739,0
44,63056,0,54,6,51996,46739,636,0
40,4476,0,38,6,49141,143,46739,0
40,22267,0,38,6,31350,19801,46739,0
40,22546,0,38,6,31071,340,46739,0
40,37506,0,38,6,16111,1000,46739,0
40,53860,0,38,6,65292,32771,46739,0
40,63323,0,38,6,55829,2601,46739,0
40,38602,0,38,6,15015,19842,46739,0
40,17595,0,38,6,36022,4444,46739,0
40,17284,0,38,6,36333,7201,46739,0
40,22542,0,38,6,31075,49,46739,0
40,14211,0,38,6,39406,3351,46739,0
40,9098,0,38,6,44519,636,46739,0
40,54494,0,38,6,64658,1027,46739,0
40,16808,0,38,6,36809,5101,46739,0
40,13571,0,38,6,40046,5555,46739,0
40,51395,0,38,6,2222,49159,46739,0
40,27003,0,38,6,26614,1755,46739,0
40,12149,0,38,6,41468,6001,46739,0
44,10644,0,59,6,37593,46739,1073,0
40,59786,0,38,6,59366,8333,46739,0
44,23729,0,57,6,25020,46739,3017,0
44,30413,0,54,6,19104,46739,1501,0
40,46206,0,38,6,7411,9090,46739,0
44,44968,0,38,6,8645,46739,1102,0
40,51667,0,38,6,1950,8899,46739,0
44,32221,0,39,6,21136,46739,2525,0
40,7400,0,38,6,46217,49999,46739,0
44,57467,0,59,6,56305,46739,1024,0
40,22080,0,38,6,31537,1080,46739,0
44,60881,0,55,6,53915,46739,8443,0
44,27732,0,42,6,24857,46739,109,0
40,17607,0,38,6,36010,49163,46739,0
40,34707,0,38,6,18910,54045,46739,0
44,29620,0,42,6,22969,46739,54328,0
40,61173,0,38,6,57979,2105,46739,0
44,44408,0,54,6,5109,46739,4005,0
40,23852,0,38,6,29765,79,46739,0
44,61791,0,38,6,57357,46739,6389,0
44,36149,0,54,6,13368,46739,617,0
44,7371,0,44,6,44706,46739,4000,0
44,10478,0,56,6,38527,46739,5989,0
44,57889,0,44,6,59723,46739,1166,0
44,5835,0,54,6,43682,46739,5631,0
44,16564,0,42,6,36025,46739,32769,0
44,42106,0,37,6,11763,46739,4224,0
44,47413,0,47,6,3896,46739,6565,0
44,60693,0,40,6,57943,46739,6510,0
44,40299,0,39,6,13058,46739,4848,0
44,33519,0,41,6,19326,46739,12345,0
44,12120,0,49,6,38677,46739,1217,0
44,53716,0,39,6,65176,46739,2557,0
44,41830,0,54,6,7687,46739,1123,0
44,13535,0,48,6,37518,46739,1147,0
44,11102,0,39,6,42255,46739,1700,0
44,16,0,46,6,51549,46739,1086,0
44,58007,0,48,6,58581,46739,3827,0
44,38722,0,39,6,14635,46739,7200,0
44,34375,0,50,6,16166,46739,9535,0
40,60674,0,38,6,58478,109,46739,0
44,23057,0,46,6,28508,46739,5815,0
44,45353,0,57,6,3396,46739,1192,0
44,48468,0,45,6,3353,46739,5862,0
44,55239,0,56,6,59301,46739,2967,0
40,23274,0,38,6,30343,8443,46739,0
40,40904,0,38,6,12713,1024,46739,0
44,4965,0,41,6,47880,46739,2006,0
40,8834,0,38,6,44783,2525,46739,0
40,26163,0,38,6,27454,1102,46739,0
44,64732,0,37,6,54672,46739,6346,0
40,3388,0,38,6,50229,1501,46739,0
44,36065,0,39,6,17292,46739,1247,0
40,4473,0,38,6,49144,3017,46739,0
40,64529,0,38,6,54623,1073,46739,0
44,53497,0,51,6,62323,46739,1972,0
44,6426,0,59,6,41811,46739,7676,0
44,44557,0,45,6,7264,46739,49158,0
44,4545,0,42,6,48044,46739,1583,0
44,4739,0,48,6,46314,46739,3878,0
44,16910,0,54,6,32607,46739,7007,0
44,19556,0,44,6,32521,46739,7000,0
44,12779,0,59,6,35458,46739,2030,0
44,22517,0,48,6,28536,46739,7938,0
44,21203,0,45,6,30618,46739,3283,0
44,43544,0,38,6,10069,46739,9111,0
44,34326,0,42,6,18263,46739,5952,0
40,23066,0,38,6,30551,12345,46739,0
40,19930,0,38,6,33687,4848,46739,0
40,1721,0,38,6,51896,6510,46739,0
40,58161,0,38,6,60991,6565,46739,0
40,46615,0,38,6,7002,4224,46739,0
40,17456,0,38,6,36161,32769,46739,0
40,42213,0,38,6,11404,5631,46739,0
40,39365,0,38,6,14252,1166,46739,0
40,51505,0,38,6,2112,5989,46739,0
40,5360,0,38,6,48257,4000,46739,0
40,38742,0,38,6,14875,617,46739,0
40,3427,0,38,6,50190,6389,46739,0
40,8787,0,38,6,44830,4005,46739,0
40,43257,0,38,6,10360,54328,46739,0
40,56460,0,38,6,62692,1247,46739,0
40,15499,0,38,6,38118,6346,46739,0
40,56308,0,38,6,62844,2006,46739,0
40,41705,0,38,6,11912,2967,46739,0
40,46548,0,38,6,7069,5862,46739,0
40,30027,0,38,6,23590,7200,46739,0
44,58710,0,47,6,58134,46739,4567,0
44,7596,0,51,6,42689,46739,8402,0
44,32247,0,56,6,16758,46739,3268,0
44,37029,0,42,6,15560,46739,9877,0
44,46682,0,54,6,2835,46739,1259,0
40,28564,0,38,6,25053,8383,46739,0
44,60376,0,43,6,57492,46739,6543,0
44,22913,0,52,6,27116,46739,1864,0
44,45363,0,38,6,8250,46739,10012,0
44,16383,0,51,6,33902,46739,1687,0
44,52995,0,41,6,65385,46739,33899,0
40,1027,0,38,6,52590,9200,46739,0
40,63203,0,38,6,55949,7778,46739,0
40,22929,0,38,6,30688,1108,46739,0
40,24807,0,38,6,28810,1287,46739,0
40,23828,0,38,6,29789,1687,46739,0
44,49053,0,58,6,64975,46739,1056,0
44,24222,0,47,6,27087,46739,99,0
44,45134,0,42,6,7455,46739,89,0
44,9686,0,58,6,38807,46739,1149,0
44,17169,0,52,6,32860,46739,49175,0
44,33550,0,57,6,15199,46739,1130,0
44,1288,0,38,6,52325,46739,3995,0
44,41049,0,54,6,8468,46739,1152,0
44,47686,0,58,6,807,46739,8082,0
44,57491,0,56,6,57049,46739,22939,0
44,50988,0,41,6,1857,46739,3077,0
44,25801,0,43,6,26532,46739,987,0
44,41061,0,42,6,11528,46739,1875,0
44,60045,0,58,6,53983,46739,4443,0
44,60391,0,49,6,55941,46739,31337,0
44,9767,0,43,6,42566,46739,1533,0
44,11133,0,52,6,38896,46739,6792,0
44,60720,0,55,6,54076,46739,1717,0
44,36238,0,45,6,15583,46739,1084,0
44,11422,0,52,6,38607,46739,13456,0
44,42789,0,55,6,6472,46739,1154,0
44,42872,0,39,6,10485,46739,3920,0
44,20388,0,55,6,28873,46739,2046,0
44,2529,0,44,6,49548,46739,65000,0
44,62211,0,46,6,54889,46739,4343,0
44,24711,0,51,6,25574,46739,8000,0
44,60155,0,59,6,53617,46739,902,0
44,29812,0,55,6,19449,46739,1434,0
44,48804,0,41,6,4041,46739,2035,0
44,9483,0,59,6,38754,46739,9415,0
44,62020,0,38,6,57128,46739,2020,0
44,7631,0,55,6,41630,46739,1524,0
44,40261,0,51,6,10024,46739,1175,0
44,6620,0,43,6,45713,46739,1076,0
44,57497,0,50,6,58579,46740,3300,0
44,55064,0,37,6,64340,46740,5440,0
44,150,0,53,6,49623,46740,2160,0
44,8127,0,44,6,43950,46740,5550,0
44,4940,0,58,6,43553,46740,2910,0
44,41516,0,56,6,7489,46740,3826,0
44,44554,0,52,6,5475,46740,1049,0
44,41719,0,50,6,8822,46740,2222,0
44,60607,0,57,6,53677,46740,30000,0
44,50930,0,37,6,2939,46740,1074,0
44,26043,0,38,6,27570,46740,20,0
44,42731,0,50,6,7810,46740,15002,0
40,13539,0,38,6,40078,2910,46740,0
40,35561,0,38,6,18056,5550,46740,0
40,48368,0,38,6,5249,2160,46740,0
40,36714,0,38,6,16903,5440,46740,0
40,58162,0,38,6,60990,1074,46740,0
40,55868,0,38,6,63284,30000,46740,0
40,34509,0,38,6,19108,2222,46740,0
40,4154,0,38,6,49463,1049,46740,0
40,21492,0,38,6,32125,3826,46740,0
40,14444,0,38,6,39173,15002,46740,0
40,13229,0,38,6,40388,20,46740,0
44,40773,0,43,6,11560,46740,9,0
44,46724,0,55,6,2537,46740,40193,0
44,3631,0,58,6,44862,46740,1169,0
44,48424,0,43,6,3909,46740,301,0
44,1917,0,43,6,50416,46740,9103,0
44,26432,0,44,6,25645,46740,5911,0
44,28032,0,42,6,24557,46740,1098,0
44,6875,0,41,6,45970,46740,8008,0
44,2736,0,49,6,48061,46740,52848,0
44,12239,0,38,6,41374,46740,1117,0
44,57482,0,41,6,60898,46740,27715,0
44,34474,0,37,6,19395,46740,5959,0
44,45920,0,52,6,4109,46740,14000,0
44,61051,0,56,6,53489,46740,1434,0
44,23849,0,40,6,29252,46740,5226,0
44,3910,0,39,6,49447,46740,1185,0
44,35203,0,46,6,16362,46740,2366,0
44,47453,0,43,6,4880,46740,3986,0
44,61921,0,46,6,55179,46740,8022,0
40,27251,0,38,6,26366,9103,46740,0
40,48750,0,38,6,4867,301,46740,0
40,33597,0,38,6,20020,1169,46740,0
40,27169,0,38,6,26448,40193,46740,0
40,18213,0,38,6,35404,9,46740,0
40,54376,0,38,6,64776,1434,46740,0
40,19035,0,38,6,34582,14000,46740,0
40,25514,0,38,6,28103,5959,46740,0
40,40036,0,38,6,13581,27715,46740,0
40,28517,0,38,6,25100,1117,46740,0
40,2834,0,38,6,50783,52848,46740,0
40,43545,0,38,6,10072,8008,46740,0
40,59535,0,38,6,59617,1098,46740,0
40,61154,0,38,6,57998,5911,46740,0
40,968,0,38,6,52649,8022,46740,0
40,50828,0,38,6,2789,3986,46740,0
40,13933,0,38,6,39684,2366,46740,0
40,38899,0,38,6,14718,1185,46740,0
40,14411,0,38,6,39206,5226,46740,0
44,41719,0,41,6,11126,46740,1782,0
44,48774,0,53,6,999,46740,5357,0
44,25848,0,48,6,25205,46740,1076,0
44,57486,0,58,6,56542,46740,15004,0
44,47389,0,56,6,1616,46740,5811,0
44,27066,0,42,6,25523,46740,55056,0
44,29159,0,52,6,20870,46740,1600,0
44,41401,0,57,6,7348,46740,60020,0
44,49083,0,43,6,3250,46740,8093,0
44,17760,0,43,6,34573,46740,2701,0
44,54470,0,39,6,64422,46740,2710,0
44,46993,0,44,6,5084,46740,62078,0
44,52047,0,48,6,64541,46740,50389,0
44,19383,0,43,6,32950,46740,32782,0
44,32606,0,52,6,17423,46740,10001,0
44,35470,0,39,6,17887,46740,8087,0
44,43939,0,38,6,9674,46740,711,0
44,274,0,49,6,50523,46740,8088,0
44,60031,0,42,6,58093,46740,50500,0
44,61098,0,49,6,55234,46740,801,0
44,43751,0,57,6,4998,46740,1104,0
44,43390,0,57,6,5359,46740,49400,0
44,33308,0,43,6,19025,46740,9000,0
44,49093,0,57,6,65191,46740,1594,0
44,15535,0,47,6,35774,46740,787,0
44,13798,0,39,6,39559,46740,9666,0
44,4766,0,39,6,48591,46740,146,0
44,52881,0,47,6,63963,46740,52673,0
44,36334,0,52,6,13695,46740,5963,0
44,42178,0,42,6,10411,46740,1175,0
44,63745,0,55,6,51051,46740,9071,0
44,17846,0,41,6,34999,46740,1124,0
44,6556,0,54,6,42961,46740,880,0
44,38252,0,50,6,12289,46740,1053,0
44,38808,0,51,6,11477,46740,3168,0
44,202,0,37,6,53667,46740,32777,0
44,40630,0,47,6,10679,46740,5718,0
44,17933,0,38,6,35680,46740,7937,0
44,23081,0,38,6,30532,46740,981,0
44,31412,0,39,6,21945,46740,23502,0
44,20421,0,42,6,32168,46740,5280,0
44,5848,0,49,6,44949,46740,1300,0
44,23177,0,56,6,25828,46740,544,0
44,13034,0,37,6,40835,46740,1043,0
44,51354,0,41,6,1491,46740,1218,0
44,6027,0,43,6,46306,46740,5902,0
44,49882,0,55,6,64914,46740,1524,0
44,63608,0,38,6,55540,46740,2020,0
44,25645,0,53,6,24128,46740,9415,0
44,6755,0,59,6,41482,46740,2035,0
40,50410,0,38,6,3207,1104,46740,0
40,49946,0,38,6,3671,801,46740,0
40,23109,0,38,6,30508,50500,46740,0
40,19921,0,38,6,33696,2035,46740,0
44,2994,0,52,6,47035,46740,3546,0
40,27017,0,38,6,26600,3546,46740,0
44,38206,0,43,6,14127,46740,16113,0
44,63510,0,39,6,55382,46740,4321,0
44,51707,0,50,6,64369,46740,5910,0
44,34843,0,39,6,18514,46740,6901,0
44,37782,0,58,6,10711,46740,3,0
44,59975,0,56,6,54565,46740,1023,0
44,12633,0,47,6,38676,46740,1137,0
44,14495,0,53,6,35278,46740,4279,0
44,53992,0,55,6,60804,46740,5298,0
44,59857,0,53,6,55451,46740,7103,0
44,38680,0,39,6,14677,46740,8400,0
40,1830,0,38,6,51787,1023,46740,0
40,33872,0,38,6,19745,3,46740,0
40,38097,0,38,6,15520,6901,46740,0
40,8998,0,38,6,44619,5910,46740,0
40,21617,0,38,6,32000,4321,46740,0
40,59550,0,38,6,59602,16113,46740,0
40,4574,0,38,6,49043,8400,46740,0
40,23985,0,38,6,29632,7103,46740,0
40,38296,0,38,6,15321,5298,46740,0
40,16406,0,38,6,37211,4279,46740,0
40,42229,0,38,6,11388,1137,46740,0
44,46698,0,39,6,6659,46740,55600,0
44,6129,0,53,6,43644,46740,2401,0
44,60549,0,45,6,56807,46740,6689,0
44,42159,0,55,6,7102,46740,902,0
44,16412,0,50,6,34129,46740,545,0
44,36747,0,53,6,13026,46740,6059,0
44,46154,0,52,6,3875,46740,8000,0
44,25318,0,48,6,25735,46740,4343,0
44,9127,0,54,6,40390,46740,3261,0
44,29980,0,48,6,21073,46740,911,0
44,3892,0,38,6,49721,46740,5666,0
44,3334,0,56,6,45671,46740,9575,0
44,23564,0,49,6,27233,46740,5560,0
40,45269,0,38,6,8348,6689,46740,0
40,38876,0,38,6,14741,2401,46740,0
40,22657,0,38,6,30960,55600,46740,0
40,48794,0,38,6,4823,8000,46740,0
40,25281,0,38,6,28336,6059,46740,0
40,52552,0,38,6,1065,545,46740,0
40,62202,0,38,6,56950,902,46740,0
40,38992,0,38,6,14625,5560,46740,0
40,27351,0,38,6,26266,9575,46740,0
40,7384,0,38,6,46233,5666,46740,0
40,39825,0,38,6,13792,911,46740,0
40,26861,0,38,6,26756,3261,46740,0
40,10054,0,38,6,43563,4343,46740,0
44,28401,0,42,6,24188,46740,65000,0
44,63390,0,49,6,52942,46740,8291,0
44,6885,0,56,6,42120,46740,1097,0
44,4876,0,43,6,47457,46740,4446,0
44,27283,0,57,6,21466,46740,3551,0
44,2136,0,52,6,47893,46740,44176,0
44,47118,0,54,6,2399,46740,3828,0
44,23449,0,55,6,25812,46740,1296,0
44,53612,0,54,6,61440,46740,5214,0
44,60040,0,37,6,59364,46740,56738,0
44,31655,0,44,6,20422,46740,255,0
44,20503,0,57,6,28246,46740,2500,0
44,52451,0,58,6,61577,46740,50636,0
44,29611,0,43,6,22722,46740,999,0
44,55890,0,38,6,63258,46740,2638,0
44,57035,0,54,6,58017,46740,5850,0
44,47168,0,56,6,1837,46740,6881,0
44,19846,0,56,6,29159,46740,6779,0
44,10062,0,53,6,39711,46740,16080,0
44,41706,0,53,6,8067,46740,1309,0
44,11026,0,50,6,39515,46740,7002,0
44,8928,0,55,6,40333,46740,2604,0
44,20852,0,37,6,33017,46740,2161,0
44,14612,0,38,6,39001,46740,2179,0
44,3260,0,52,6,46769,46740,6000,0
44,64011,0,54,6,51041,46740,34573,0
44,33790,0,40,6,19311,46740,1010,0
44,25692,0,54,6,23825,46740,1107,0
40,16105,0,38,6,37512,3551,46740,0
40,64354,0,38,6,54798,4446,46740,0
40,17949,0,38,6,35668,1097,46740,0
40,10576,0,38,6,43041,8291,46740,0
40,1241,0,38,6,52376,65000,46740,0
40,53743,0,38,6,65409,2604,46740,0
40,47202,0,38,6,6415,7002,46740,0
40,2712,0,38,6,50905,1309,46740,0
40,2585,0,38,6,51032,16080,46740,0
40,4066,0,38,6,49551,6779,46740,0
40,46469,0,38,6,7148,6881,46740,0
40,28251,0,38,6,25366,5850,46740,0
40,32211,0,38,6,21406,2638,46740,0
40,10466,0,38,6,43151,999,46740,0
40,45173,0,38,6,8444,50636,46740,0
40,39193,0,38,6,14424,2500,46740,0
40,44953,0,38,6,8664,255,46740,0
40,62986,0,38,6,56166,56738,46740,0
40,2788,0,38,6,50829,5214,46740,0
40,1183,0,38,6,52434,1296,46740,0
40,57609,0,38,6,61543,3828,46740,0
40,65293,0,38,6,53859,44176,46740,0
40,52332,0,38,6,1285,1107,46740,0
40,20166,0,38,6,33451,1010,46740,0
40,61782,0,38,6,57370,34573,46740,0
40,1501,0,38,6,52116,6000,46740,0
44,4899,0,51,6,45386,46740,5730,0
40,6471,0,38,6,47146,84,46740,0
40,31366,0,38,6,22251,1033,46740,0
64,61059,2,64,17,35018,59859,53,0
64,61060,2,64,17,35017,59859,53,0
64,319,0,38,17,53263,53,59859,0
64,14877,0,38,17,38705,53,59859,0
40,17551,0,38,6,36066,1947,46739,0
40,41994,0,38,6,11623,1122,46739,0
40,43231,0,38,6,10386,33899,46739,0
40,2334,0,38,6,51283,1060,46739,0
40,4267,0,38,6,49350,3269,46739,0
40,18872,0,38,6,34745,3300,46739,0
40,43746,0,38,6,9871,548,46739,0
40,506,0,38,6,53111,19350,46739,0
40,34744,0,38,6,18873,7741,46739,0
40,63602,0,38,6,55550,8500,46739,0
40,45868,0,38,6,7749,6156,46739,0
40,55501,0,38,6,63651,32780,46739,0
40,63659,0,38,6,55493,1056,46739,0
40,49030,0,38,6,4587,99,46739,0
40,20602,0,38,6,33015,89,46739,0
40,59943,0,38,6,59209,1149,46739,0
40,55888,0,38,6,63264,49175,46739,0
40,57999,0,38,6,61153,1130,46739,0
40,11817,0,38,6,41800,5633,46739,0
40,34909,0,38,6,18708,648,46739,0
40,35767,0,38,6,17850,70,46739,0
40,55918,0,38,6,63234,3703,46739,0
40,26916,0,38,6,26701,2013,46739,0
40,41870,0,38,6,11747,6668,46739,0
40,55582,0,38,6,63570,8200,46739,0
40,14809,0,38,6,38808,6101,46739,0
40,3116,0,38,6,50501,8086,46739,0
40,50879,0,38,6,2738,8045,46739,0
40,63069,0,38,6,56083,6003,46739,0
40,16610,0,38,6,37007,8654,46739,0
40,54510,0,38,6,64642,9502,46739,0
40,37125,0,38,6,16492,3800,46739,0
40,48461,0,38,6,5156,55055,46739,0
40,9067,0,38,6,44550,1037,46739,0
40,37735,0,38,6,15882,992,46739,0
40,14601,0,38,6,39016,8009,46739,0
40,43361,0,38,6,10256,6123,46739,0
40,47843,0,38,6,5774,3766,46739,0
40,23634,0,38,6,29983,1002,46739,0
40,26324,0,38,6,27293,9050,46739,0
40,52761,0,38,6,856,2998,46739,0
40,46222,0,38,6,7395,2099,46739,0
40,2012,0,38,6,51605,427,46739,0
40,46227,0,38,6,7390,6667,46739,0
40,64647,0,38,6,54505,1071,46739,0
40,63880,0,38,6,55272,1236,46739,0
40,3426,0,38,6,50191,56737,46739,0
40,2509,0,38,6,51108,10000,46739,0
40,41090,0,38,6,12527,3801,46739,0
40,35029,0,38,6,18588,5003,46739,0
40,32162,0,38,6,21455,1721,46739,0
40,49578,0,38,6,4039,1065,46739,0
40,35501,0,38,6,18116,1093,46739,0
40,10846,0,38,6,42771,9290,46739,0
40,56748,0,38,6,62404,5960,46739,0
40,56729,0,38,6,62423,5903,46739,0
40,56785,0,38,6,62367,873,46739,0
40,46346,0,38,6,7271,1186,46739,0
40,36825,0,38,6,16792,106,46739,0
40,50978,0,38,6,2639,100,46739,0
40,19110,0,38,6,34507,1099,46739,0
40,32707,0,38,6,20910,6547,46739,0
40,21245,0,38,6,32372,3995,46739,0
40,1260,0,38,6,52357,1152,46739,0
40,56315,0,38,6,62837,1900,46739,0
40,18082,0,38,6,35535,2045,46739,0
40,4562,0,38,6,49055,8194,46739,0
40,41496,0,38,6,12121,1839,46739,0
40,14938,0,38,6,38679,1068,46739,0
40,27878,0,38,6,25739,541,46739,0
40,4362,0,38,6,49255,691,46739,0
40,26718,0,38,6,26899,843,46739,0
40,38674,0,38,6,14943,4662,46739,0
40,13843,0,38,6,39774,3322,46739,0
40,64766,0,38,6,54386,8082,46739,0
40,18489,0,38,6,35128,3005,46739,0
40,37885,0,38,6,15732,1503,46739,0
40,13961,0,38,6,39656,8651,46739,0
40,27992,0,38,6,25625,5915,46739,0
40,14744,0,38,6,38873,40911,46739,0
40,49828,0,38,6,3789,407,46739,0
40,18873,0,38,6,34744,3000,46739,0
40,18511,0,38,6,35106,1174,46739,0
40,33039,0,38,6,20578,9485,46739,0
40,11083,0,38,6,42534,5033,46739,0
40,45723,0,38,6,7894,7402,46739,0
40,11909,0,38,6,41708,3580,46739,0
40,23305,0,38,6,30312,63331,46739,0
40,55419,0,38,6,63733,1066,46739,0
44,16796,0,53,6,32977,46741,3300,0
44,26311,0,38,6,27302,46740,6699,0
44,52069,0,42,6,520,46740,50001,0
44,56957,0,38,6,62191,46740,2288,0
44,52666,0,37,6,1203,46740,646,0
44,49253,0,41,6,3592,46740,161,0
44,12961,0,57,6,35788,46740,49176,0
44,25273,0,58,6,23220,46740,49167,0
44,45100,0,46,6,6465,46740,1050,0
44,55392,0,57,6,58892,46740,26,0
44,22322,0,42,6,30267,46740,1021,0
44,35205,0,37,6,18664,46740,1084,0
44,55715,0,43,6,62153,46740,5877,0
44,31529,0,43,6,20804,46740,51493,0
44,41465,0,53,6,8308,46740,10010,0
44,38100,0,54,6,11417,46740,34572,0
44,6247,0,39,6,47110,46740,11111,0
44,25692,0,49,6,25105,46740,3333,0
44,31206,0,50,6,19335,46740,1310,0
44,30794,0,48,6,20259,46740,222,0
44,56775,0,51,6,59045,46740,7106,0
44,23046,0,37,6,30823,46740,144,0
44,20576,0,51,6,29709,46740,1035,0
44,10012,0,55,6,39249,46740,15003,0
44,60180,0,46,6,56920,46740,17988,0
44,3782,0,51,6,46503,46740,8031,0
44,37176,0,49,6,13621,46740,311,0
44,26911,0,52,6,23118,46740,10616,0
44,12168,0,41,6,40677,46740,4002,0
44,11764,0,39,6,41593,46740,2126,0
44,54517,0,58,6,59511,46740,616,0
44,57739,0,59,6,56033,46740,15660,0
44,51440,0,57,6,62844,46740,7627,0
44,41947,0,41,6,10898,46740,3880,0
44,28256,0,51,6,22029,46740,1717,0
44,52924,0,40,6,177,46740,1641,0
44,10861,0,43,6,41472,46740,52822,0
44,39102,0,49,6,11695,46740,1812,0
44,1898,0,56,6,47107,46740,6792,0
44,23815,0,44,6,28262,46740,1533,0
44,65313,0,52,6,50251,46740,1081,0
44,37887,0,53,6,11886,46740,27355,0
44,63784,0,38,6,55364,46740,6100,0
44,39696,0,50,6,10845,46740,31337,0
44,36490,0,38,6,17123,46740,1089,0
44,62182,0,57,6,52102,46740,4449,0
44,23457,0,51,6,26828,46740,2869,0
44,29520,0,53,6,20253,46740,16018,0
44,56987,0,44,6,60625,46740,1007,0
44,20861,0,51,6,29424,46740,667,0
44,14321,0,44,6,37756,46740,5061,0
44,54818,0,38,6,64330,46740,8994,0
44,63071,0,47,6,53773,46740,1121,0
44,8844,0,57,6,39905,46740,1067,0
44,27263,0,55,6,21998,46740,27000,0
44,3063,0,45,6,48758,46740,5102,0
44,35796,0,45,6,16025,46740,1199,0
44,50799,0,40,6,2302,46740,1433,0
44,12475,0,49,6,38322,46740,720,0
44,21683,0,46,6,29882,46740,7443,0
44,65196,0,46,6,51904,46740,2033,0
44,60812,0,54,6,54240,46740,8010,0
44,23682,0,58,6,24811,46740,58080,0
44,22420,0,50,6,28121,46740,631,0
44,53755,0,57,6,60529,46740,32783,0
44,9386,0,45,6,42435,46740,1119,0
44,3370,0,45,6,48451,46740,1110,0
44,23847,0,50,6,26694,46740,57797,0
44,50443,0,47,6,866,46740,2909,0
44,63085,0,55,6,51711,46740,3324,0
44,45898,0,52,6,4131,46740,1131,0
44,17731,0,47,6,33578,46740,4443,0
44,40776,0,51,6,9509,46740,15742,0
44,55174,0,41,6,63206,46740,49165,0
44,57355,0,50,6,58721,46740,52869,0
40,9024,0,38,6,44593,53,46739,0
40,0,2,64,6,30577,46739,53,0
40,49191,0,38,6,4426,3300,46741,0
40,62469,0,38,6,56683,6699,46740,0
40,64182,0,38,6,54970,50001,46740,0
40,44876,0,38,6,8741,2288,46740,0
40,11228,0,38,6,42389,646,46740,0
40,27162,0,38,6,26455,161,46740,0
40,54139,0,44,6,63477,46746,80,0
44,27961,0,54,6,21556,46741,2288,0
44,33754,0,45,6,18067,46741,50001,0
44,6292,0,57,6,42457,46741,6699,0
40,64306,0,38,6,54846,80,46746,0
40,55715,0,38,6,63437,6699,46741,0
40,5821,0,38,6,47796,50001,46741,0
40,63190,0,38,6,55962,2288,46741,0
40,9838,0,38,6,43779,49176,46740,0
40,7781,0,38,6,45836,51493,46740,0
40,29235,0,38,6,24382,10010,46740,0
40,63388,0,38,6,55764,49167,46740,0
40,32480,0,38,6,21137,1050,46740,0
40,31380,0,38,6,22237,26,46740,0
40,51658,0,38,6,1959,1021,46740,0
40,7854,0,38,6,45763,1084,46740,0
40,8401,0,38,6,45216,5877,46740,0
44,39968,0,47,6,11341,46741,161,0
44,34017,0,42,6,18572,46741,646,0
40,2811,0,38,6,50806,161,46741,0
40,55088,0,38,6,64064,34572,46740,0
40,24682,0,38,6,28935,11111,46740,0
40,65229,0,38,6,53923,3333,46740,0
40,38963,0,38,6,14654,1310,46740,0
40,2116,0,38,6,51501,222,46740,0
40,13805,0,38,6,39812,7106,46740,0
40,62033,0,38,6,57119,144,46740,0
40,33154,0,38,6,20463,1035,46740,0
40,8200,0,38,6,45417,15003,46740,0
40,29810,0,38,6,23807,17988,46740,0
40,10734,0,38,6,42883,8031,46740,0
40,53745,0,38,6,65407,311,46740,0
40,22066,0,38,6,31551,10616,46740,0
40,13584,0,38,6,40033,646,46741,0
40,56381,0,38,6,62771,4002,46740,0
40,64755,0,38,6,54397,2126,46740,0
40,53890,0,38,6,65262,616,46740,0
40,21054,0,38,6,32563,15660,46740,0
40,53145,0,38,6,472,7627,46740,0
40,5047,0,38,6,48570,3880,46740,0
40,16170,0,38,6,37447,1717,46740,0
40,47724,0,38,6,5893,1641,46740,0
40,21748,0,38,6,31869,52822,46740,0
40,57230,0,38,6,61922,1812,46740,0
40,12582,0,38,6,41035,6792,46740,0
40,16760,0,38,6,36857,1533,46740,0
44,9398,0,59,6,38839,46741,616,0
40,33861,0,38,6,19756,1081,46740,0
44,20697,0,46,6,30868,46741,2126,0
40,53808,0,38,6,65344,27355,46740,0
44,53709,0,46,6,63391,46741,4002,0
40,24500,0,38,6,29117,6100,46740,0
44,35657,0,41,6,17188,46741,10616,0
40,19490,0,38,6,34127,31337,46740,0
44,19734,0,50,6,30807,46741,311,0
40,32129,0,38,6,21488,1089,46740,0
44,33831,0,51,6,16454,46741,8031,0
40,1456,0,38,6,52161,4449,46740,0
44,4211,0,50,6,46330,46741,17988,0
44,34060,0,51,6,16225,46741,15003,0
44,51185,0,37,6,2684,46741,1035,0
44,64847,0,53,6,50461,46741,144,0
44,64667,0,58,6,49361,46741,7106,0
44,58859,0,49,6,57473,46741,222,0
44,59529,0,42,6,58595,46741,1310,0
44,6283,0,41,6,46562,46741,3333,0
44,42403,0,55,6,6858,46741,11111,0
44,2952,0,55,6,46309,46741,34572,0
44,36873,0,47,6,14436,46741,10010,0
44,44788,0,58,6,3705,46741,51493,0
44,9500,0,52,6,40529,46741,5877,0
44,40325,0,39,6,13032,46741,1084,0
44,63011,0,47,6,53833,46741,1021,0
44,27541,0,47,6,23768,46741,26,0
44,42612,0,53,6,7161,46741,1050,0
44,2565,0,56,6,46440,46741,49167,0
44,59213,0,55,6,55583,46741,49176,0
40,31622,0,38,6,21995,10616,46741,0
40,38717,0,38,6,14900,4002,46741,0
40,47984,0,38,6,5633,2126,46741,0
40,51304,0,38,6,2313,616,46741,0
40,10754,0,38,6,42863,34572,46741,0
40,60685,0,38,6,58467,11111,46741,0
40,61640,0,38,6,57512,3333,46741,0
40,19445,0,38,6,34172,1310,46741,0
40,56971,0,38,6,62181,222,46741,0
40,9495,0,38,6,44122,7106,46741,0
40,43927,0,38,6,9690,144,46741,0
40,27894,0,38,6,25723,1035,46741,0
40,11238,0,38,6,42379,15003,46741,0
40,681,0,38,6,52936,17988,46741,0
40,6990,0,38,6,46627,8031,46741,0
44,38244,0,55,6,11017,46741,667,0
40,17576,0,38,6,36041,2869,46740,0
44,33208,0,42,6,19381,46741,1007,0
40,18908,0,38,6,34709,16018,46740,0
44,64632,0,39,6,54260,46741,16018,0
40,20092,0,38,6,33525,1007,46740,0
44,43258,0,45,6,8563,46741,2869,0
40,20020,0,38,6,33597,667,46740,0
44,44025,0,52,6,6004,46741,4449,0
40,51464,0,38,6,2153,311,46741,0
44,23690,0,46,6,27875,46741,1089,0
44,58474,0,39,6,60418,46741,31337,0
44,29661,0,43,6,22672,46741,6100,0
44,20232,0,56,6,28773,46741,27355,0
44,18430,0,58,6,30063,46741,1081,0
44,60102,0,53,6,55206,46741,1533,0
44,5695,0,40,6,47406,46741,6792,0
44,28851,0,53,6,20922,46741,1812,0
44,53283,0,58,6,60745,46741,52822,0
44,20593,0,59,6,27644,46741,1641,0
44,49297,0,37,6,4572,46741,1717,0
44,32927,0,40,6,20174,46741,3880,0
44,29294,0,41,6,23551,46741,7627,0
44,4534,0,43,6,47799,46741,15660,0
40,55581,0,38,6,63571,49176,46741,0
40,30148,0,38,6,23469,49167,46741,0
40,60037,0,38,6,59115,1050,46741,0
40,2138,0,38,6,51479,26,46741,0
40,25074,0,38,6,28543,1021,46741,0
40,17169,0,38,6,36448,1084,46741,0
40,27241,0,38,6,26376,5877,46741,0
40,26605,0,38,6,27012,51493,46741,0
40,16914,0,38,6,36703,10010,46741,0
40,28605,0,38,6,25012,4449,46741,0
40,34599,0,38,6,19018,2869,46741,0
40,39831,0,38,6,13786,16018,46741,0
40,2990,0,38,6,50627,1007,46741,0
40,58720,0,38,6,60432,667,46741,0
40,23151,0,38,6,30466,15660,46741,0
40,16443,0,38,6,37174,7627,46741,0
40,57876,0,38,6,61276,3880,46741,0
40,36108,0,38,6,17509,1717,46741,0
40,18665,0,38,6,34952,1641,46741,0
40,45315,0,38,6,8302,52822,46741,0
40,30544,0,38,6,23073,1812,46741,0
40,31537,0,38,6,22080,6792,46741,0
40,32938,0,38,6,20679,1533,46741,0
40,11052,0,38,6,42565,1081,46741,0
40,32018,0,38,6,21599,27355,46741,0
40,12326,0,38,6,41291,6100,46741,0
40,58445,0,38,6,60707,31337,46741,0
40,15131,0,38,6,38486,1089,46741,0
40,36877,0,38,6,16740,58080,46740,0
40,53882,0,38,6,65270,5061,46740,0
40,39750,0,38,6,13867,8994,46740,0
40,14543,0,38,6,39074,1121,46740,0
40,33226,0,38,6,20391,1067,46740,0
40,10248,0,38,6,43369,27000,46740,0
40,52732,0,38,6,885,5102,46740,0
40,56700,0,38,6,62452,1199,46740,0
40,55861,0,38,6,63291,1433,46740,0
40,58854,0,38,6,60298,720,46740,0
40,61534,0,38,6,57618,7443,46740,0
40,27674,0,38,6,25943,2033,46740,0
40,7361,0,38,6,46256,8010,46740,0
40,14313,0,38,6,39304,52869,46740,0
40,42917,0,38,6,10700,631,46740,0
40,43582,0,38,6,10035,32783,46740,0
40,51855,0,38,6,1762,1119,46740,0
40,50668,0,38,6,2949,1110,46740,0
40,44322,0,38,6,9295,57797,46740,0
40,3569,0,38,6,50048,2909,46740,0
40,20407,0,38,6,33210,3324,46740,0
40,9257,0,38,6,44360,1131,46740,0
40,46518,0,38,6,7099,4443,46740,0
44,58327,0,59,6,55445,46741,1067,0
44,40570,0,44,6,11507,46741,1121,0
40,33080,0,38,6,20537,15742,46740,0
40,35247,0,38,6,18370,49165,46740,0
44,3032,0,54,6,46485,46741,8994,0
44,28690,0,41,6,24155,46741,5061,0
40,36579,0,38,6,17038,1121,46741,0
40,62500,0,38,6,56652,1067,46741,0
40,22054,0,38,6,31563,5061,46741,0
40,26104,0,38,6,27513,8994,46741,0
44,15508,0,41,6,37337,46741,52869,0
44,55564,0,38,6,63584,46741,49165,0
44,17042,0,59,6,31195,46741,15742,0
44,30026,0,56,6,18979,46741,4443,0
44,3722,0,38,6,49891,46741,1131,0
44,13372,0,43,6,38961,46741,3324,0
44,44545,0,50,6,5996,46741,2909,0
44,50797,0,44,6,1280,46741,57797,0
44,29752,0,46,6,21813,46741,1110,0
44,34493,0,45,6,17328,46741,1119,0
44,3574,0,46,6,47991,46741,32783,0
44,57638,0,51,6,58182,46741,631,0
44,9155,0,59,6,39082,46741,58080,0
44,55480,0,53,6,59828,46741,8010,0
44,34144,0,41,6,18701,46741,2033,0
44,433,0,46,6,51132,46741,7443,0
44,19183,0,38,6,34430,46741,720,0
44,22957,0,42,6,29632,46741,1433,0
44,26314,0,54,6,23203,46741,1199,0
44,22502,0,38,6,31111,46741,5102,0
44,6530,0,53,6,43243,46741,27000,0
40,36575,0,38,6,17042,1131,46741,0
40,883,0,38,6,52734,4443,46741,0
40,45558,0,38,6,8059,15742,46741,0
40,5516,0,38,6,48101,49165,46741,0
40,50621,0,38,6,2996,52869,46741,0
40,24785,0,38,6,28832,8010,46741,0
44,2168,0,58,6,46325,46740,6002,0
40,14628,0,38,6,38989,6002,46740,0
44,61899,0,55,6,52897,46740,4242,0
40,52422,0,38,6,1195,4242,46740,0
44,61305,0,45,6,56051,46740,9002,0
40,5184,0,38,6,48433,9002,46740,0
44,25724,0,37,6,28145,46740,2003,0
40,23065,0,38,6,30552,2003,46740,0
44,21106,0,55,6,28155,46740,13722,0
40,48212,0,38,6,5405,13722,46740,0
44,22650,0,37,6,31219,46740,49152,0
40,55759,0,38,6,63393,49152,46740,0
44,28992,0,54,6,20525,46740,1001,0
40,24935,0,38,6,28682,1001,46740,0
44,6499,0,42,6,46090,46740,16993,0
40,20336,0,38,6,33281,16993,46740,0
44,7919,0,54,6,41598,46740,2005,0
40,36613,0,38,6,17004,2005,46740,0
44,43728,0,38,6,9885,46740,5510,0
40,42951,0,38,6,10666,5510,46740,0
44,42007,0,40,6,11094,46740,9878,0
40,46823,0,38,6,6794,9878,46740,0
44,11868,0,48,6,39185,46740,1875,0
40,53627,0,38,6,65525,1875,46740,0
44,3609,0,37,6,50260,46740,987,0
40,36725,0,38,6,16892,987,46740,0
44,25684,0,55,6,23577,46740,3077,0
40,44973,0,38,6,8644,3077,46740,0
44,47126,0,59,6,1111,46740,22939,0
40,43943,0,38,6,9674,22939,46740,0
44,44916,0,59,6,3321,46740,7100,0
40,20772,0,38,6,32845,7100,46740,0
44,43054,0,43,6,9279,46740,3689,0
40,61455,0,38,6,57697,3689,46740,0
44,11793,0,44,6,40284,46740,2394,0
40,29828,0,38,6,23789,2394,46740,0
44,18861,0,42,6,33728,46740,1500,0
40,19719,0,38,6,33898,1500,46740,0
44,25212,0,49,6,25585,46740,3945,0
40,57538,0,38,6,61614,3945,46740,0
44,45679,0,52,6,4350,46740,10215,0
40,20536,0,38,6,33081,10215,46740,0
44,36399,0,57,6,12350,46740,714,0
40,22001,0,38,6,31616,714,46740,0
44,9827,0,41,6,43018,46740,7920,0
40,53468,0,38,6,149,7920,46740,0
44,1635,0,37,6,52234,46740,1113,0
40,6532,0,38,6,47085,1113,46740,0
44,42800,0,37,6,11069,46740,49157,0
40,52401,0,38,6,1216,49157,46740,0
44,37337,0,38,6,16276,46740,26214,0
40,5292,0,38,6,48325,26214,46740,0
44,57884,0,50,6,58192,46740,7435,0
40,54438,0,38,6,64714,7435,46740,0
44,17772,0,54,6,31745,46740,14442,0
40,53496,0,38,6,121,14442,46740,0
44,40557,0,40,6,12544,46740,6004,0
40,33559,0,38,6,20058,6004,46740,0
44,61837,0,50,6,54239,46740,2196,0
40,35531,0,38,6,18086,2196,46740,0
44,29383,0,43,6,22950,46740,1094,0
40,31945,0,38,6,21672,1094,46740,0
44,38514,0,46,6,13051,46740,34571,0
40,60721,0,38,6,58431,34571,46740,0
44,18160,0,45,6,33661,46740,12000,0
40,8927,0,38,6,44690,12000,46740,0
44,21492,0,41,6,31353,46740,10002,0
40,31302,0,38,6,22315,10002,46740,0
44,41763,0,46,6,9802,46740,722,0
40,59625,0,38,6,59527,722,46740,0
44,9023,0,39,6,44334,46740,1112,0
40,49101,0,38,6,4516,1112,46740,0
44,37948,0,57,6,10801,46739,9943,0
40,35791,0,38,6,17826,9943,46739,0
44,44319,0,46,6,7246,46739,9968,0
40,30442,0,38,6,23175,9968,46739,0
44,50398,0,46,6,1167,46739,2041,0
40,54582,0,38,6,64570,2041,46739,0
44,46825,0,51,6,3460,46739,1041,0
40,45007,0,38,6,8610,1041,46739,0
44,24721,0,57,6,24028,46739,3814,0
40,11201,0,38,6,42416,3814,46739,0
44,52592,0,55,6,62204,46739,1234,0
40,3705,0,38,6,49912,1234,46739,0
44,60144,0,58,6,53884,46739,808,0
40,59026,0,38,6,60126,808,46739,0
44,40559,0,44,6,11518,46739,1216,0
40,51335,0,38,6,2282,1216,46739,0
44,36862,0,51,6,13423,46739,3905,0
40,5530,0,38,6,48087,3905,46739,0
44,13007,0,56,6,35998,46739,1111,0
40,14082,0,38,6,39535,1111,46739,0
44,35784,0,49,6,15013,46739,3001,0
40,7182,0,38,6,46435,3001,46739,0
44,5712,0,54,6,43805,46739,5678,0
40,23651,0,38,6,29966,5678,46739,0
44,39193,0,57,6,9556,46739,668,0
40,13143,0,38,6,40474,668,46739,0
44,26598,0,57,6,22151,46741,12000,0
40,4608,0,38,6,49009,12000,46741,0
44,37025,0,58,6,11468,46741,10002,0
40,37195,0,38,6,16422,10002,46741,0
44,58063,0,41,6,60317,46741,722,0
40,27511,0,38,6,26106,722,46741,0
44,56562,0,44,6,61050,46741,1112,0
40,22459,0,38,6,31158,1112,46741,0
44,39137,0,57,6,9612,46740,9943,0
40,37349,0,38,6,16268,9943,46740,0
44,6243,0,43,6,46090,46740,9968,0
40,51038,0,38,6,2579,9968,46740,0
44,7058,0,54,6,42459,46740,2041,0
40,50668,0,38,6,2949,2041,46740,0
44,62041,0,40,6,56595,46740,1041,0
40,57721,0,38,6,61431,1041,46740,0
44,52770,0,44,6,64842,46740,3814,0
40,43233,0,38,6,10384,3814,46740,0
44,4175,0,43,6,48158,46740,1234,0
40,11019,0,38,6,42598,1234,46740,0
44,52344,0,43,6,65524,46740,808,0
40,65373,0,38,6,53779,808,46740,0
44,32183,0,39,6,21174,46740,1216,0
40,25759,0,38,6,27858,1216,46740,0
44,11327,0,48,6,39726,46740,3905,0
40,40483,0,38,6,13134,3905,46740,0
44,46910,0,51,6,3375,46740,1111,0
40,64693,0,38,6,54459,1111,46740,0
44,48471,0,40,6,4630,46740,3001,0
40,29146,0,38,6,24471,3001,46740,0
44,13613,0,48,6,37440,46740,5678,0
40,57864,0,38,6,61288,5678,46740,0
44,13243,0,55,6,36018,46739,1051,0
40,24542,0,38,6,29075,1051,46739,0
44,57322,0,37,6,62082,46740,668,0
40,20822,0,38,6,32795,668,46740,0
40,56141,0,38,6,63011,6004,46739,0
40,9878,0,38,6,43739,14442,46739,0
40,33009,0,38,6,20608,7435,46739,0
40,49408,0,38,6,4209,1112,46739,0
40,56244,0,38,6,62908,722,46739,0
40,17131,0,38,6,36486,10002,46739,0
40,62369,0,38,6,56783,12000,46739,0
40,43335,0,38,6,10282,34571,46739,0
40,26093,0,38,6,27524,1094,46739,0
40,36075,0,38,6,17542,2196,46739,0
40,44275,0,38,6,9342,3689,46739,0
40,13817,0,38,6,39800,7100,46739,0
40,49141,0,38,6,4476,26214,46739,0
40,9889,0,38,6,43728,49157,46739,0
40,9721,0,38,6,43896,1113,46739,0
40,15480,0,38,6,38137,7920,46739,0
40,39644,0,38,6,13973,714,46739,0
40,56477,0,38,6,62675,10215,46739,0
40,17433,0,38,6,36184,3945,46739,0
40,45870,0,38,6,7747,1500,46739,0
40,50254,0,38,6,3363,2394,46739,0
40,8991,0,38,6,44626,2003,46739,0
40,54289,0,38,6,64863,22939,46739,0
40,32532,0,38,6,21085,3077,46739,0
40,45163,0,38,6,8454,987,46739,0
40,5403,0,38,6,48214,1875,46739,0
40,53739,0,38,6,65413,9878,46739,0
40,8611,0,38,6,45006,5510,46739,0
40,3534,0,38,6,50083,2005,46739,0
40,28233,0,38,6,25384,16993,46739,0
40,63471,0,38,6,55681,1001,46739,0
40,41922,0,38,6,11695,49152,46739,0
40,15408,0,38,6,38209,13722,46739,0
40,30712,0,38,6,22905,631,46739,0
44,11900,0,37,6,41969,46739,2034,0
44,54040,0,43,6,63828,46739,50002,0
44,34902,0,56,6,14103,46739,30951,0
44,2918,0,39,6,50439,46739,9917,0
44,58691,0,46,6,58409,46739,10626,0
44,24904,0,50,6,25637,46739,7070,0
44,62225,0,40,6,56411,46739,8100,0
44,2217,0,45,6,49604,46739,2717,0
44,31740,0,51,6,18545,46739,5825,0
44,42733,0,46,6,8832,46739,8081,0
44,8212,0,56,6,40793,46739,82,0
44,1150,0,47,6,50159,46739,3006,0
44,55068,0,53,6,60240,46739,6567,0
44,37481,0,54,6,12036,46739,19101,0
44,61314,0,50,6,54762,46739,60443,0
44,12219,0,58,6,36274,46739,3371,0
44,676,0,38,6,52937,46739,1034,0
44,29108,0,50,6,21433,46739,5009,0
44,11526,0,54,6,37991,46739,5087,0
44,22160,0,44,6,29917,46739,44501,0
44,65385,0,53,6,49923,46739,44443,0
44,26037,0,57,6,22712,46739,3031,0
44,44201,0,40,6,8900,46739,5030,0
44,54585,0,59,6,59187,46739,8649,0
44,63966,0,50,6,52110,46739,7019,0
44,35833,0,40,6,17268,46739,2605,0
44,3109,0,42,6,49480,46739,2522,0
44,52043,0,40,6,1058,46739,64680,0
44,9554,0,38,6,44059,46739,1151,0
44,39719,0,51,6,10566,46739,20031,0
44,60703,0,37,6,58701,46739,5004,0
44,21049,0,44,6,31028,46739,264,0
44,20420,0,55,6,28841,46739,20221,0
44,53482,0,49,6,62850,46739,7,0
44,22796,0,47,6,28513,46739,7496,0
44,7230,0,44,6,44847,46739,1047,0
44,7639,0,59,6,40598,46739,32776,0
44,31955,0,58,6,16538,46739,21571,0
44,53709,0,48,6,62879,46739,10629,0
44,33607,0,55,6,15654,46739,50000,0
44,33671,0,51,6,16614,46739,280,0
44,960,0,42,6,51629,46739,5080,0
44,43191,0,48,6,7862,46739,9593,0
44,60135,0,44,6,57477,46739,8083,0
44,20709,0,46,6,30856,46739,1055,0
44,34138,0,58,6,14355,46739,1165,0
44,31835,0,52,6,18194,46739,7911,0
44,44233,0,50,6,6308,46739,24,0
44,1138,0,52,6,48891,46739,1126,0
44,31844,0,54,6,17673,46739,1048,0
44,14910,0,52,6,35119,46739,12265,0
44,29696,0,47,6,21613,46739,9011,0
44,57620,0,55,6,57176,46739,1059,0
44,62992,0,55,6,51804,46739,1064,0
44,46,0,48,6,51007,46739,50800,0
44,46259,0,55,6,3002,46739,2492,0
44,3470,0,44,6,48607,46739,1105,0
44,28409,0,51,6,21876,46739,5988,0
44,26353,0,57,6,22396,46739,1026,0
44,50275,0,51,6,10,46739,3998,0
44,49402,0,45,6,2419,46739,33,0
44,42740,0,47,6,8569,46739,9110,0
44,36130,0,52,6,13899,46739,1494,0
44,12073,0,53,6,37700,46739,5904,0
44,25019,0,46,6,26546,46739,783,0
44,20995,0,42,6,31594,46739,705,0
44,42014,0,58,6,6479,46739,8193,0
44,17645,0,56,6,31360,46739,41511,0
44,11521,0,50,6,39020,46739,749,0
44,15308,0,57,6,33441,46739,9503,0
44,38389,0,51,6,11896,46739,2065,0
44,33529,0,43,6,18804,46739,3301,0
44,11251,0,50,6,39290,46739,2042,0
44,54545,0,54,6,60507,46739,2251,0
44,47654,0,50,6,2887,46739,24444,0
44,29714,0,58,6,18779,46739,9102,0
44,22433,0,58,6,26060,46739,90,0
44,6801,0,50,6,43740,46739,1106,0
44,37036,0,41,6,15809,46739,32772,0
44,61004,0,48,6,55584,46739,49153,0
44,37405,0,42,6,15184,46739,1248,0
44,6141,0,43,6,46192,46739,3221,0
44,51858,0,47,6,64986,46739,1091,0
44,11478,0,48,6,39575,46739,406,0
44,25546,0,39,6,27811,46739,7777,0
44,58055,0,47,6,58789,46739,9595,0
44,4482,0,59,6,43755,46739,5222,0
44,57799,0,49,6,58533,46739,4550,0
44,33896,0,47,6,17413,46739,3071,0
44,55875,0,37,6,63529,46739,8222,0
44,64418,0,59,6,49354,46739,19780,0
44,38203,0,54,6,11314,46739,13,0
44,59753,0,54,6,55299,46739,9099,0
44,43904,0,58,6,4589,46739,3918,0
44,60625,0,45,6,56731,46739,9080,0
44,40988,0,38,6,12625,46739,4004,0
44,18729,0,57,6,30020,46739,19,0
44,9338,0,45,6,42483,46739,2875,0
44,11980,0,37,6,41889,46739,4003,0
44,24534,0,44,6,27543,46739,8099,0
44,38322,0,45,6,13499,46739,2920,0
44,43002,0,47,6,8307,46739,57294,0
44,37001,0,51,6,13284,46739,9081,0
44,48942,0,48,6,2111,46739,9876,0
44,63872,0,56,6,50668,46739,5906,0
44,39382,0,39,6,13975,46739,15000,0
44,59332,0,43,6,58536,46739,27353,0
44,30298,0,51,6,19987,46739,1009,0
44,7945,0,40,6,45156,46739,50003,0
44,45402,0,52,6,4627,46739,10009,0
44,12566,0,45,6,39255,46739,1132,0
44,61489,0,50,6,54587,46739,1062,0
44,29621,0,42,6,22968,46739,3889,0
44,29580,0,47,6,21729,46739,1455,0
44,2744,0,45,6,49077,46739,44442,0
44,44002,0,37,6,9867,46739,1042,0
44,6983,0,49,6,43814,46739,5802,0
44,29554,0,54,6,19963,46739,13783,0
44,52331,0,54,6,62721,46739,5221,0
44,49379,0,42,6,3210,46739,20828,0
44,25175,0,48,6,25878,46739,3404,0
44,62148,0,46,6,54952,46739,9040,0
44,36597,0,57,6,12152,46739,1719,0
44,15365,0,38,6,38248,46739,6129,0
44,47454,0,50,6,3087,46739,1145,0
44,25815,0,52,6,24214,46739,2382,0
44,562,0,50,6,49979,46739,3690,0
44,40823,0,43,6,11510,46739,625,0
44,22531,0,43,6,29802,46739,9101,0
44,13297,0,59,6,34940,46739,903,0
44,19130,0,38,6,34483,46739,765,0
44,29200,0,57,6,19549,46739,6112,0
44,53020,0,49,6,63312,46739,465,0
44,14976,0,38,6,38637,46739,1088,0
44,47532,0,46,6,4033,46739,65129,0
44,8020,0,46,6,43545,46739,11967,0
44,2702,0,56,6,46303,46739,45100,0
44,53837,0,54,6,61215,46739,1032,0
44,33685,0,43,6,18648,46739,1580,0
44,10689,0,43,6,41644,46739,1036,0
44,59181,0,52,6,56383,46739,1213,0
44,38317,0,40,6,14784,46739,497,0
44,48464,0,57,6,285,46739,16000,0
44,44414,0,46,6,7151,46739,10778,0
44,6964,0,46,6,44601,46739,3370,0
44,64690,0,38,6,54458,46739,888,0
44,41112,0,55,6,8149,46739,2119,0
44,42461,0,42,6,10128,46739,42,0
44,2612,0,51,6,47673,46739,1999,0
44,57420,0,46,6,59680,46739,9009,0
44,6649,0,56,6,42356,46739,3325,0
44,11393,0,42,6,41196,46739,5859,0
44,60300,0,45,6,57056,46739,2607,0
44,61214,0,56,6,53326,46739,28201,0
44,7108,0,37,6,46761,46739,543,0
44,13923,0,47,6,37386,46739,33354,0
44,58578,0,37,6,60826,46739,64623,0
44,4926,0,43,6,47407,46739,5566,0
44,30674,0,55,6,18587,46739,8085,0
44,28183,0,43,6,24150,46739,32781,0
44,44778,0,51,6,5507,46739,19315,0
44,36304,0,50,6,14237,46739,9418,0
44,41323,0,46,6,10242,46739,1974,0
44,27261,0,47,6,24048,46739,2002,0
44,1892,0,59,6,46345,46739,10617,0
44,18039,0,44,6,34038,46739,4,0
44,5547,0,55,6,43714,46739,1914,0
44,7288,0,41,6,45557,46739,683,0
44,33582,0,54,6,15935,46739,2068,0
44,10630,0,45,6,41191,46739,444,0
44,13890,0,55,6,35371,46739,6666,0
44,45128,0,41,6,7717,46739,1998,0
44,49353,0,49,6,1444,46739,1801,0
44,31915,0,52,6,18114,46739,3659,0
44,37916,0,41,6,14929,46739,5801,0
44,45504,0,46,6,6061,46739,32774,0
44,60861,0,52,6,54703,46739,1311,0
44,31514,0,50,6,19027,46739,514,0
44,54566,0,43,6,63302,46739,14238,0
44,62098,0,52,6,53466,46739,1070,0
44,65134,0,55,6,49662,46739,8192,0
44,3239,0,48,6,47814,46739,6788,0
44,59461,0,56,6,55079,46739,4045,0
44,48915,0,37,6,4954,46739,2301,0
44,49879,0,58,6,64149,46739,1761,0
44,43615,0,38,6,9998,46739,2103,0
44,38433,0,43,6,13900,46739,5925,0
44,8124,0,55,6,41137,46739,7800,0
44,58461,0,37,6,60943,46739,900,0
44,50867,0,58,6,63161,46739,8800,0
44,47578,0,50,6,2963,46739,30718,0
44,15690,0,39,6,37667,46739,6005,0
44,37286,0,52,6,12743,46739,1038,0
44,29809,0,49,6,20988,46739,1840,0
44,49511,0,44,6,2566,46739,32779,0
44,25246,0,49,6,25551,46739,3493,0
44,51724,0,51,6,64096,46739,6669,0
44,56284,0,42,6,61840,46739,25735,0
44,12165,0,52,6,37864,46739,9010,0
44,1202,0,48,6,49851,46739,2191,0
44,17333,0,46,6,34232,46739,2718,0
44,29893,0,56,6,19112,46739,32778,0
44,50575,0,45,6,1246,46739,5822,0
44,53965,0,56,6,60575,46739,1031,0
44,47054,0,42,6,5535,46739,17,0
44,3060,0,49,6,47737,46739,16001,0
44,43375,0,51,6,6910,46739,1163,0
44,64476,0,44,6,53136,46739,2393,0
44,11682,0,41,6,41163,46739,5544,0
44,57932,0,54,6,57120,46739,1556,0
44,28448,0,55,6,20813,46739,8873,0
44,11545,0,48,6,39508,46739,563,0
44,64026,0,49,6,52306,46739,515,0
44,45365,0,54,6,4152,46739,17877,0
44,42172,0,57,6,6577,46739,9500,0
44,23832,0,54,6,25685,46740,60443,0
44,41252,0,55,6,8009,46740,2010,0
44,24577,0,47,6,26732,46740,7001,0
44,47996,0,48,6,3057,46740,2260,0
44,5484,0,53,6,44289,46740,1658,0
44,37180,0,55,6,12081,46740,125,0
44,51882,0,49,6,64450,46740,32770,0
44,57237,0,47,6,59607,46740,24800,0
44,37483,0,54,6,12034,46740,3367,0
44,35536,0,45,6,16285,46740,5051,0
44,19411,0,52,6,30618,46740,7625,0
44,24263,0,57,6,24486,46741,60443,0
44,15000,0,55,6,34261,46740,1233,0
44,16372,0,44,6,35705,46740,1028,0
44,53053,0,43,6,64815,46740,10082,0
44,56648,0,44,6,60964,46740,1718,0
44,51188,0,56,6,63352,46740,9500,0
44,41773,0,52,6,8256,46740,35500,0
40,63161,0,39,6,55735,46747,80,0
40,56587,0,38,6,62565,80,46747,0
44,59544,0,44,6,58068,46741,7001,0
44,22913,0,40,6,30188,46741,2260,0
44,61784,0,51,6,54036,46741,1658,0
44,38471,0,39,6,14886,46741,125,0
44,11920,0,53,6,37853,46741,32770,0
44,7075,0,40,6,46026,46741,24800,0
44,43088,0,47,6,8221,46741,3367,0
44,41000,0,40,6,12101,46741,5051,0
44,22880,0,59,6,25357,46741,7625,0
44,45540,0,52,6,4489,46742,60443,0
44,44331,0,49,6,6466,46741,1233,0
44,16853,0,42,6,35736,46741,1028,0
44,64267,0,37,6,55137,46741,10082,0
44,32527,0,45,6,19294,46741,1718,0
44,14706,0,46,6,36859,46741,9500,0
44,6582,0,57,6,42167,46741,35500,0
40,63508,0,38,6,55644,5298,46739,0
40,30289,0,38,6,23328,8000,46739,0
40,1426,0,38,6,52191,6059,46739,0
40,64134,0,38,6,55018,545,46739,0
40,37202,0,38,6,16415,902,46739,0
40,42130,0,38,6,11487,6689,46739,0
40,16093,0,38,6,37524,2401,46739,0
40,64854,0,38,6,54298,55600,46739,0
40,34277,0,38,6,19340,8400,46739,0
40,51240,0,38,6,2377,7103,46739,0
40,52954,0,38,6,663,4343,46739,0
40,10101,0,38,6,43516,2222,46739,0
40,39490,0,38,6,14127,5910,46739,0
40,16676,0,38,6,36941,4321,46739,0
40,57915,0,38,6,61237,16113,46739,0
40,28647,0,38,6,24970,3546,46739,0
40,13884,0,38,6,39733,15002,46739,0
40,50469,0,38,6,3148,20,46739,0
40,62432,0,38,6,56720,1074,46739,0
40,53366,0,38,6,251,30000,46739,0
40,35773,0,38,6,17844,4279,46739,0
40,64413,0,38,6,54739,1137,46739,0
40,4837,0,38,6,48780,1023,46739,0
40,41644,0,38,6,11973,3,46739,0
40,59771,0,38,6,59381,6901,46739,0
40,28981,0,38,6,24636,8022,46739,0
40,60306,0,38,6,58846,3986,46739,0
40,3363,0,38,6,50254,2366,46739,0
40,25112,0,38,6,28505,1049,46739,0
40,50411,0,38,6,3206,3826,46739,0
40,35324,0,38,6,18293,2910,46739,0
40,11787,0,38,6,41830,5550,46739,0
40,13889,0,38,6,39728,2160,46739,0
40,60457,0,38,6,58695,5440,46739,0
44,41597,0,42,6,10992,46741,2010,0
40,8317,0,38,6,45300,40193,46739,0
40,36320,0,38,6,17297,9,46739,0
40,16233,0,38,6,37384,1434,46739,0
40,7033,0,38,6,46584,14000,46739,0
40,355,0,38,6,53262,5959,46739,0
40,63769,0,38,6,55383,27715,46739,0
40,35951,0,38,6,17666,1117,46739,0
40,45551,0,38,6,8066,52848,46739,0
40,64391,0,38,6,54761,8008,46739,0
40,6485,0,38,6,47132,1098,46739,0
40,45450,0,38,6,8167,5911,46739,0
40,46942,0,38,6,6675,9103,46739,0
40,16844,0,38,6,36773,301,46739,0
40,6130,0,38,6,47487,1169,46739,0
40,54022,0,38,6,65130,2010,46741,0
40,8715,0,38,6,44902,1185,46739,0
40,51299,0,38,6,2318,5226,46739,0
40,61287,0,38,6,57865,23502,46739,0
40,63440,0,38,6,55712,981,46739,0
40,35557,0,38,6,18060,2035,46739,0
40,32712,0,38,6,20905,9415,46739,0
40,41354,0,38,6,12263,2020,46739,0
40,59258,0,38,6,59894,1524,46739,0
40,61750,0,38,6,57402,5902,46739,0
40,1959,0,38,6,51658,1218,46739,0
40,45925,0,38,6,7692,1043,46739,0
40,27018,0,38,6,26599,544,46739,0
40,35017,0,38,6,18600,1300,46739,0
40,60272,0,38,6,58880,5280,46739,0
40,31769,0,38,6,21848,9071,46739,0
40,46148,0,38,6,7469,7937,46739,0
40,61269,0,38,6,57883,5718,46739,0
40,46434,0,38,6,7183,32777,46739,0
40,39354,0,38,6,14263,3168,46739,0
40,7297,0,38,6,46320,1053,46739,0
40,58288,0,38,6,60864,880,46739,0
40,26880,0,38,6,26737,1124,46739,0
40,33446,0,38,6,20171,32782,46739,0
40,30485,0,38,6,23132,711,46739,0
40,61289,0,38,6,57863,8087,46739,0
40,43469,0,38,6,10148,10001,46739,0
40,15695,0,38,6,37922,787,46739,0
40,29425,0,38,6,24192,1594,46739,0
40,21682,0,38,6,31935,9000,46739,0
40,31382,0,38,6,22235,49400,46739,0
40,31854,0,38,6,21763,1104,46739,0
40,37696,0,38,6,15921,801,46739,0
40,46067,0,38,6,7550,50500,46739,0
40,64633,0,38,6,54519,8088,46739,0
40,6611,0,38,6,47006,1175,46739,0
40,20433,0,38,6,33184,5963,46739,0
40,51640,0,38,6,1977,52673,46739,0
40,53152,0,38,6,465,146,46739,0
40,56788,0,38,6,62364,9666,46739,0
40,40291,0,38,6,13326,55056,46739,0
40,59432,0,38,6,59720,5811,46739,0
44,30739,0,46,6,20826,46742,7001,0
40,16716,0,38,6,36901,50389,46739,0
40,26853,0,38,6,26764,62078,46739,0
40,42032,0,38,6,11585,2710,46739,0
40,60621,0,38,6,58531,2701,46739,0
40,13633,0,38,6,39984,8093,46739,0
40,198,0,38,6,53419,60020,46739,0
40,41285,0,38,6,12332,1600,46739,0
40,28919,0,38,6,24698,7001,46742,0
40,45860,0,38,6,7757,5357,46739,0
40,52750,0,38,6,867,1782,46739,0
40,23298,0,38,6,30319,15004,46739,0
40,27352,0,38,6,26265,1076,46739,0
44,50023,0,44,6,2054,46742,2260,0
40,23196,0,38,6,30421,2260,46742,0
44,32306,0,53,6,17467,46742,1658,0
40,18952,0,38,6,34665,1658,46742,0
44,49578,0,41,6,3267,46742,125,0
40,53621,0,38,6,65531,125,46742,0
44,43256,0,55,6,6005,46742,32770,0
40,29221,0,38,6,24396,32770,46742,0
44,15018,0,48,6,36035,46742,24800,0
40,11451,0,38,6,42166,24800,46742,0
44,22337,0,44,6,29740,46742,3367,0
40,27349,0,38,6,26268,3367,46742,0
44,64796,0,40,6,53840,46742,5051,0
40,57245,0,38,6,61907,5051,46742,0
44,12705,0,38,6,40908,46742,7625,0
40,64117,0,38,6,55035,7625,46742,0
44,49544,0,44,6,2533,46740,16012,0
40,7671,0,38,6,45946,16012,46740,0
44,6937,0,55,6,42324,46740,7999,0
40,31406,0,38,6,22211,7999,46740,0
44,59627,0,40,6,59009,46742,1233,0
40,25921,0,38,6,27696,1233,46742,0
40,50199,0,38,6,3418,3300,46740,0
44,63719,0,57,6,50565,46742,1028,0
40,52526,0,38,6,1091,1028,46742,0
44,18769,0,42,6,33820,46742,10082,0
40,47455,0,38,6,6162,10082,46742,0
44,19169,0,42,6,33420,46742,1718,0
40,21118,0,38,6,32499,1718,46742,0
44,61873,0,55,6,52923,46742,35500,0
40,47887,0,38,6,5730,35500,46742,0
44,27503,0,43,6,24830,46742,2010,0
40,23029,0,38,6,30588,2010,46742,0
44,45849,0,43,6,6484,46742,9500,0
40,4513,0,38,6,49104,9500,46742,0
44,32594,0,55,6,16667,46740,1052,0
40,55152,0,38,6,64000,1052,46740,0
66,65466,2,64,17,14235,41013,53,0
66,65467,2,64,17,14234,41013,53,0
66,46758,0,38,17,55983,53,41013,0
66,678,0,38,17,36528,53,41013,0
40,32950,0,38,6,20667,50002,46739,0
40,36995,0,38,6,16622,30951,46739,0
40,40500,0,38,6,13117,9917,46739,0
40,17248,0,38,6,36369,10626,46739,0
40,6234,0,38,6,47383,7070,46739,0
40,8291,0,38,6,45326,8100,46739,0
40,7414,0,38,6,46203,2717,46739,0
40,52074,0,38,6,1543,2034,46739,0
40,52726,0,38,6,891,44443,46739,0
40,49020,0,38,6,4597,8081,46739,0
40,54581,0,38,6,64571,82,46739,0
40,34438,0,38,6,19179,3006,46739,0
40,25780,0,38,6,27837,6567,46739,0
40,58877,0,38,6,60275,19101,46739,0
40,59713,0,38,6,59439,60443,46739,0
40,17586,0,38,6,36031,3371,46739,0
40,61289,0,38,6,57863,1034,46739,0
40,33825,0,38,6,19792,5009,46739,0
40,44431,0,38,6,9186,5087,46739,0
40,6259,0,38,6,47358,44501,46739,0
40,679,0,38,6,52938,5825,46739,0
40,44099,0,38,6,9518,20221,46739,0
40,52879,0,38,6,738,7,46739,0
40,8774,0,38,6,44843,3031,46739,0
40,46743,0,38,6,6874,5030,46739,0
40,26594,0,38,6,27023,8649,46739,0
40,20279,0,38,6,33338,7019,46739,0
40,4725,0,38,6,48892,2605,46739,0
40,14536,0,38,6,39081,2522,46739,0
40,59314,0,38,6,59838,64680,46739,0
40,30165,0,38,6,23452,1151,46739,0
40,20184,0,38,6,33433,20031,46739,0
40,60281,0,38,6,58871,5004,46739,0
40,2318,0,38,6,51299,264,46739,0
40,40459,0,38,6,13158,7911,46739,0
40,8821,0,38,6,44796,24,46739,0
40,61912,0,38,6,57240,7496,46739,0
40,36659,0,38,6,16958,1047,46739,0
40,63505,0,38,6,55647,32776,46739,0
40,63683,0,38,6,55469,21571,46739,0
40,24354,0,38,6,29263,10629,46739,0
40,36789,0,38,6,16828,50000,46739,0
40,42094,0,38,6,11523,280,46739,0
40,57197,0,38,6,61955,5080,46739,0
40,2859,0,38,6,50758,9593,46739,0
40,44380,0,38,6,9237,8083,46739,0
40,4601,0,38,6,49016,1055,46739,0
40,43233,0,38,6,10384,1165,46739,0
40,54960,0,38,6,64192,9011,46739,0
40,10404,0,38,6,43213,1059,46739,0
40,12875,0,38,6,40742,1126,46739,0
40,5194,0,38,6,48423,1048,46739,0
40,17343,0,38,6,36274,12265,46739,0
40,34105,0,38,6,19512,705,46739,0
40,58600,0,38,6,60552,8193,46739,0
40,14164,0,38,6,39453,1064,46739,0
40,63594,0,38,6,55558,50800,46739,0
40,60765,0,38,6,58387,2492,46739,0
40,21967,0,38,6,31650,1105,46739,0
40,20790,0,38,6,32827,5988,46739,0
40,2058,0,38,6,51559,1026,46739,0
40,37582,0,38,6,16035,3998,46739,0
40,6722,0,38,6,46895,33,46739,0
40,31103,0,38,6,22514,9110,46739,0
40,34970,0,38,6,18647,1494,46739,0
40,13099,0,38,6,40518,5904,46739,0
40,43261,0,38,6,10356,783,46739,0
40,22155,0,38,6,31462,3301,46739,0
40,13629,0,38,6,39988,2042,46739,0
40,41289,0,38,6,12328,41511,46739,0
40,15736,0,38,6,37881,749,46739,0
40,20112,0,38,6,33505,9503,46739,0
40,54223,0,38,6,64929,2065,46739,0
40,4611,0,38,6,49006,7777,46739,0
40,47064,0,38,6,6553,9595,46739,0
40,52680,0,38,6,937,2251,46739,0
40,6544,0,38,6,47073,24444,46739,0
40,41098,0,38,6,12519,9102,46739,0
40,35644,0,38,6,17973,90,46739,0
40,19793,0,38,6,33824,1106,46739,0
40,36995,0,38,6,16622,32772,46739,0
40,33154,0,38,6,20463,49153,46739,0
40,59089,0,38,6,60063,1248,46739,0
40,31887,0,38,6,21730,3221,46739,0
40,27882,0,38,6,25735,1091,46739,0
40,23217,0,38,6,30400,406,46739,0
40,17974,0,38,6,35643,2875,46739,0
40,41979,0,38,6,11638,4003,46739,0
40,46675,0,38,6,6942,5222,46739,0
40,46018,0,38,6,7599,4550,46739,0
40,13234,0,38,6,40383,3071,46739,0
40,47598,0,38,6,6019,8222,46739,0
40,57877,0,38,6,61275,19780,46739,0
40,53864,0,38,6,65288,13,46739,0
40,29258,0,38,6,24359,9099,46739,0
40,59333,0,38,6,59819,3918,46739,0
40,33516,0,38,6,20101,9080,46739,0
40,3413,0,38,6,50204,4004,46739,0
40,62942,0,38,6,56210,19,46739,0
40,16481,0,38,6,37136,8099,46739,0
40,20153,0,38,6,33464,2920,46739,0
40,3980,0,38,6,49637,1455,46739,0
40,46965,0,38,6,6652,57294,46739,0
40,43661,0,38,6,9956,9081,46739,0
40,15024,0,38,6,38593,9876,46739,0
40,59942,0,38,6,59210,5906,46739,0
40,41464,0,38,6,12153,15000,46739,0
40,23884,0,38,6,29733,27353,46739,0
40,58791,0,38,6,60361,1009,46739,0
40,12318,0,38,6,41299,50003,46739,0
40,33941,0,38,6,19676,10009,46739,0
40,18662,0,38,6,34955,1132,46739,0
40,11977,0,38,6,41640,1062,46739,0
40,64684,0,38,6,54468,3889,46739,0
40,36281,0,38,6,17336,2382,46739,0
40,13534,0,38,6,40083,3690,46739,0
40,44400,0,38,6,9217,44442,46739,0
40,8323,0,38,6,45294,1042,46739,0
40,7540,0,38,6,46077,5802,46739,0
40,16102,0,38,6,37515,13783,46739,0
40,42747,0,38,6,10870,5221,46739,0
40,56492,0,38,6,62660,20828,46739,0
40,53354,0,38,6,263,3404,46739,0
40,5955,0,38,6,47662,9040,46739,0
40,29617,0,38,6,24000,1719,46739,0
40,28594,0,38,6,25023,6129,46739,0
40,13905,0,38,6,39712,1145,46739,0
40,22204,0,38,6,31413,765,46739,0
40,8020,0,38,6,45597,6112,46739,0
44,26108,0,49,6,24689,46743,60443,0
44,27010,0,57,6,21739,46740,1058,0
44,61701,0,53,6,53607,46740,1044,0
44,15267,0,49,6,35530,46740,2135,0
44,54616,0,54,6,60436,46740,55555,0
44,48016,0,49,6,2781,46740,1277,0
44,46801,0,51,6,3484,46740,8181,0
44,63505,0,51,6,52315,46740,17877,0
44,43390,0,58,6,5103,46740,3007,0
44,48349,0,52,6,1680,46740,515,0
44,44763,0,58,6,3730,46740,5054,0
44,21944,0,47,6,29365,46740,464,0
44,15346,0,48,6,35707,46740,2004,0
44,6272,0,52,6,43757,46740,5998,0
44,54715,0,49,6,61617,46740,259,0
44,49407,0,52,6,622,46740,3052,0
44,18707,0,38,6,34906,46740,9207,0
44,14817,0,43,6,37516,46740,8290,0
44,22619,0,46,6,28946,46740,2009,0
44,46594,0,47,6,4715,46740,1783,0
44,60757,0,45,6,56599,46740,5001,0
44,35703,0,51,6,14582,46740,3323,0
44,54653,0,44,6,62959,46740,6,0
44,63121,0,46,6,53979,46740,3030,0
44,38988,0,51,6,11297,46740,8021,0
44,31514,0,43,6,20819,46740,6106,0
44,33020,0,45,6,18801,46740,2007,0
44,20823,0,38,6,32790,46740,563,0
44,11186,0,52,6,38843,46740,524,0
44,19774,0,48,6,31279,46740,5000,0
44,41300,0,49,6,9497,46740,32768,0
44,55238,0,54,6,59814,46740,8652,0
44,2753,0,52,6,47276,46740,1063,0
44,40077,0,38,6,13536,46740,9100,0
44,18138,0,45,6,33683,46740,4445,0
44,8593,0,37,6,45276,46740,3003,0
44,58074,0,59,6,55698,46740,8042,0
44,37059,0,59,6,11178,46740,5810,0
64,24,2,64,17,14144,56380,53,0
64,25,2,64,17,14143,56380,53,0
64,44473,0,38,17,58270,53,56380,0
64,3630,0,38,17,33578,53,56380,0
40,10308,0,38,6,43309,7001,46741,0
40,45075,0,38,6,8542,2260,46741,0
40,698,0,38,6,52919,1658,46741,0
40,47072,0,38,6,6545,125,46741,0
40,35643,0,38,6,17974,32770,46741,0
40,27553,0,38,6,26064,24800,46741,0
40,35003,0,38,6,18614,3367,46741,0
40,55768,0,38,6,63384,5051,46741,0
40,4756,0,38,6,48861,7625,46741,0
40,35557,0,38,6,18060,60443,46742,0
40,35537,0,38,6,18080,1233,46741,0
40,44266,0,38,6,9351,1028,46741,0
40,58668,0,38,6,60484,10082,46741,0
40,28771,0,38,6,24846,1718,46741,0
40,49517,0,38,6,4100,9500,46741,0
40,44739,0,38,6,8878,35500,46741,0
40,36745,0,38,6,16872,60443,46743,0
40,62167,0,38,6,56985,1058,46740,0
40,20397,0,38,6,33220,1044,46740,0
40,59068,0,38,6,60084,2135,46740,0
40,10730,0,38,6,42887,55555,46740,0
40,59898,0,38,6,59254,1277,46740,0
40,50778,0,38,6,2839,8181,46740,0
40,6027,0,38,6,47590,17877,46740,0
40,33378,0,38,6,20239,3007,46740,0
40,32583,0,38,6,21034,515,46740,0
40,44477,0,38,6,9140,5054,46740,0
40,49500,0,38,6,4117,464,46740,0
40,23060,0,38,6,30557,2004,46740,0
40,38874,0,38,6,14743,5998,46740,0
40,28713,0,38,6,24904,259,46740,0
40,34187,0,38,6,19430,3052,46740,0
40,21940,0,38,6,31677,9207,46740,0
40,13015,0,38,6,40602,8290,46740,0
40,15493,0,38,6,38124,2009,46740,0
40,54289,0,38,6,64863,1783,46740,0
40,39530,0,38,6,14087,5001,46740,0
40,17769,0,38,6,35848,3323,46740,0
40,10137,0,38,6,43480,6,46740,0
40,18269,0,38,6,35348,3030,46740,0
40,14423,0,38,6,39194,8021,46740,0
40,43861,0,38,6,9756,6106,46740,0
40,51830,0,38,6,1787,2007,46740,0
40,58394,0,38,6,60758,563,46740,0
40,5981,0,38,6,47636,524,46740,0
40,24080,0,38,6,29537,5000,46740,0
40,32556,0,38,6,21061,32768,46740,0
40,26286,0,38,6,27331,8652,46740,0
40,9844,0,38,6,43773,1063,46740,0
40,48994,0,38,6,4623,9100,46740,0
40,56587,0,38,6,62565,4445,46740,0
40,32933,0,38,6,20684,3003,46740,0
40,51520,0,38,6,2097,8042,46740,0
40,13352,0,38,6,40265,5810,46740,0
44,48424,0,37,6,5445,46740,119,0
40,58806,0,38,6,60346,119,46740,0
44,1276,0,56,6,47729,46740,8007,0
40,43686,0,38,6,9931,8007,46740,0
44,48086,0,45,6,3735,46740,37,0
40,61254,0,38,6,57898,37,46740,0
44,49537,0,47,6,1772,46740,9001,0
40,45177,0,38,6,8440,9001,46740,0
44,29214,0,56,6,19791,46740,10628,0
40,31033,0,38,6,22584,10628,46740,0
44,63107,0,39,6,55785,46740,8873,0
40,42327,0,38,6,11290,8873,46740,0
44,30768,0,40,6,22333,46740,32773,0
40,50058,0,38,6,3559,32773,46740,0
44,16560,0,42,6,36029,46740,3517,0
40,63694,0,38,6,55458,3517,46740,0
44,14997,0,55,6,34264,46740,1057,0
40,8043,0,38,6,45574,1057,46740,0
44,54613,0,56,6,59927,46740,2702,0
40,26688,0,38,6,26929,2702,46740,0
44,13234,0,43,6,39099,46740,2383,0
40,48549,0,38,6,5068,2383,46740,0
44,64185,0,56,6,50355,46740,4998,0
40,51029,0,38,6,2588,4998,46740,0
44,25963,0,53,6,23810,46740,1030,0
40,33020,0,38,6,20597,1030,46740,0
44,13105,0,53,6,36668,46740,2811,0
40,16263,0,38,6,37354,2811,46740,0
44,42185,0,54,6,7332,46740,30,0
40,46543,0,38,6,7074,30,46740,0
44,2663,0,38,6,50950,46740,3809,0
40,59638,0,38,6,59514,3809,46740,0
44,14512,0,46,6,37053,46740,8701,0
40,63009,0,38,6,56143,8701,46740,0
44,368,0,39,6,52989,46740,1556,0
40,34804,0,38,6,18813,1556,46740,0
44,24839,0,49,6,25958,46740,5544,0
40,24129,0,38,6,29488,5544,46740,0
44,25686,0,40,6,27415,46740,2393,0
40,55847,0,38,6,63305,2393,46740,0
44,58195,0,50,6,57881,46740,5414,0
40,51920,0,38,6,1697,5414,46740,0
44,64070,0,58,6,49958,46740,901,0
40,16714,0,38,6,36903,901,46740,0
44,5806,0,47,6,45503,46740,20005,0
40,2090,0,38,6,51527,20005,46740,0
44,50745,0,37,6,3124,46740,5002,0
40,17780,0,38,6,35837,5002,46740,0
44,35769,0,48,6,15284,46740,416,0
40,15953,0,38,6,37664,416,46740,0
44,50219,0,58,6,63809,46740,898,0
40,43212,0,38,6,10405,898,46740,0
44,40692,0,58,6,7801,46740,88,0
40,65180,0,38,6,53972,88,46740,0
61,71,2,64,17,14100,52434,53,0
61,72,2,64,17,14099,52434,53,0
61,35537,0,38,17,1674,53,52434,0
61,16898,0,38,17,20313,53,52434,0
44,57469,0,37,6,61935,46740,1198,0
40,58226,0,38,6,60926,1198,46740,0
44,63721,0,56,6,50819,46740,9944,0
40,35856,0,38,6,17761,9944,46740,0
44,10409,0,50,6,40132,46740,2001,0
40,21982,0,38,6,31635,2001,46740,0
44,22171,0,50,6,28370,46740,1163,0
40,12349,0,38,6,41268,1163,46740,0
44,9911,0,53,6,39862,46740,2022,0
40,17653,0,38,6,35964,2022,46740,0
44,14953,0,43,6,37380,46740,4111,0
40,58193,0,38,6,60959,4111,46740,0
44,51671,0,53,6,63637,46740,179,0
40,30115,0,38,6,23502,179,46740,0
44,869,0,47,6,50440,46740,1090,0
40,31058,0,38,6,22559,1090,46740,0
44,32474,0,45,6,19347,46740,2021,0
40,7682,0,38,6,45935,2021,46740,0
44,42781,0,44,6,9296,46740,81,0
40,15922,0,38,6,37695,81,46740,0
44,47985,0,43,6,4348,46740,8292,0
40,18184,0,38,6,35433,8292,46740,0
44,18761,0,40,6,34340,46740,1862,0
40,28543,0,38,6,25074,1862,46740,0
44,48071,0,46,6,3494,46740,3784,0
40,46614,0,38,6,7003,3784,46740,0
44,27910,0,45,6,23911,46740,726,0
40,12962,0,38,6,40655,726,46740,0
44,51615,0,48,6,64973,46740,5100,0
40,2924,0,38,6,50693,5100,46740,0
44,18099,0,59,6,30138,46740,1443,0
40,9114,0,38,6,44503,1443,46740,0
44,5738,0,48,6,45315,46740,65389,0
40,52530,0,38,6,1087,65389,46740,0
44,50573,0,39,6,2784,46740,1061,0
40,18177,0,38,6,35440,1061,46740,0
44,50167,0,55,6,64629,46740,9618,0
40,13649,0,38,6,39968,9618,46740,0
44,30173,0,47,6,21136,46740,8254,0
40,44725,0,38,6,8892,8254,46740,0
44,7190,0,54,6,42327,46740,777,0
40,33958,0,38,6,19659,777,46740,0
44,44112,0,51,6,6173,46740,13782,0
40,39317,0,38,6,14300,13782,46740,0
44,62816,0,49,6,53516,46740,16001,0
40,42980,0,38,6,10637,16001,46740,0
44,12367,0,50,6,38174,46740,9898,0
40,49655,0,38,6,3962,9898,46740,0
44,28724,0,44,6,23353,46740,3128,0
40,53623,0,38,6,65529,3128,46740,0
44,30150,0,56,6,18855,46740,9003,0
40,31129,0,38,6,22488,9003,46740,0
44,29727,0,47,6,21582,46740,5060,0
40,58384,0,38,6,60768,5060,46740,0
44,20242,0,51,6,30043,46740,7004,0
40,4969,0,38,6,48648,7004,46740,0
44,11575,0,39,6,41782,46740,4900,0
40,60894,0,38,6,58258,4900,46740,0
44,45931,0,52,6,4098,46740,2038,0
40,15188,0,38,6,38429,2038,46740,0
44,17904,0,38,6,35709,46741,2022,0
40,47928,0,38,6,5689,2022,46741,0
44,55000,0,38,6,64148,46741,4111,0
40,35016,0,38,6,18601,4111,46741,0
44,22872,0,46,6,28693,46741,179,0
40,20364,0,38,6,33253,179,46741,0
44,37913,0,41,6,14932,46741,1090,0
40,3780,0,38,6,49837,1090,46741,0
44,46960,0,37,6,6909,46741,2021,0
40,4000,0,38,6,49617,2021,46741,0
44,3585,0,39,6,49772,46741,81,0
40,27967,0,38,6,25650,81,46741,0
44,43153,0,46,6,8412,46741,8292,0
40,24832,0,38,6,28785,8292,46741,0
44,30963,0,40,6,22138,46741,1862,0
40,15612,0,38,6,38005,625,46739,0
40,47703,0,38,6,5914,9101,46739,0
40,23949,0,38,6,29668,903,46739,0
40,46075,0,38,6,7542,1862,46741,0
40,61459,0,38,6,57693,10778,46739,0
40,9650,0,38,6,43967,465,46739,0
40,65017,0,38,6,54135,1088,46739,0
40,37086,0,38,6,16531,65129,46739,0
40,58774,0,38,6,60378,11967,46739,0
40,44668,0,38,6,8949,45100,46739,0
40,3713,0,38,6,49904,1032,46739,0
40,3880,0,38,6,49737,1580,46739,0
40,31420,0,38,6,22197,1036,46739,0
40,60666,0,38,6,58486,1213,46739,0
40,60779,0,38,6,58373,497,46739,0
40,38964,0,38,6,14653,16000,46739,0
40,62150,0,38,6,57002,1999,46739,0
40,1027,0,38,6,52590,9009,46739,0
40,46305,0,38,6,7312,3325,46739,0
40,50599,0,38,6,3018,5859,46739,0
40,14824,0,38,6,38793,3370,46739,0
40,946,0,38,6,52671,888,46739,0
40,62149,0,38,6,57003,2119,46739,0
40,56983,0,38,6,62169,42,46739,0
40,12509,0,38,6,41108,1974,46739,0
40,49659,0,38,6,3958,2607,46739,0
40,28043,0,38,6,25574,28201,46739,0
40,3287,0,38,6,50330,543,46739,0
40,22189,0,38,6,31428,33354,46739,0
40,56521,0,38,6,62631,64623,46739,0
40,55068,0,38,6,64084,5566,46739,0
40,12192,0,38,6,41425,8085,46739,0
40,34229,0,38,6,19388,32781,46739,0
40,33068,0,38,6,20549,19315,46739,0
40,33054,0,38,6,20563,9418,46739,0
40,14126,0,38,6,39491,32774,46739,0
40,23298,0,38,6,30319,10617,46739,0
40,44212,0,38,6,9405,4,46739,0
40,54682,0,38,6,64470,1914,46739,0
40,16193,0,38,6,37424,683,46739,0
40,22118,0,38,6,31499,2068,46739,0
40,36995,0,38,6,16622,444,46739,0
40,57485,0,38,6,61667,6666,46739,0
40,46144,0,38,6,7473,1998,46739,0
40,53516,0,38,6,101,1801,46739,0
40,49370,0,38,6,4247,3659,46739,0
40,17921,0,38,6,35696,5801,46739,0
40,60934,0,38,6,58218,2002,46739,0
44,29809,0,46,6,21756,46741,3784,0
40,32557,0,38,6,21060,3784,46741,0
40,64923,0,38,6,54229,7800,46739,0
40,5436,0,38,6,48181,14238,46739,0
40,2202,0,38,6,51415,1070,46739,0
40,4951,0,38,6,48666,8192,46739,0
40,24586,0,38,6,29031,6788,46739,0
40,16290,0,38,6,37327,4045,46739,0
40,11763,0,38,6,41854,2301,46739,0
40,15436,0,38,6,38181,1761,46739,0
40,35617,0,38,6,18000,2103,46739,0
40,49371,0,38,6,4246,5925,46739,0
40,18115,0,38,6,35502,1311,46739,0
40,631,0,38,6,52986,514,46739,0
40,54560,0,38,6,64592,900,46739,0
40,49282,0,38,6,4335,25734,46739,0
40,11076,0,38,6,42541,1935,46739,0
40,12201,0,38,6,41416,2968,46739,0
40,20402,0,38,6,33215,1461,46739,0
40,18006,0,38,6,35611,5950,46739,0
40,38312,0,38,6,15305,18040,46739,0
40,22974,0,38,6,30643,1046,46739,0
40,49908,0,38,6,3709,306,46739,0
40,38758,0,38,6,14859,3871,46739,0
40,2338,0,38,6,51279,6025,46739,0
40,21608,0,38,6,32009,3476,46739,0
40,21885,0,38,6,31732,1072,46739,0
40,31205,0,38,6,22412,7025,46739,0
40,51984,0,38,6,1633,8800,46739,0
40,50305,0,38,6,3312,30718,46739,0
40,14542,0,38,6,39075,9091,46739,0
40,52371,0,38,6,1246,6005,46739,0
40,45081,0,38,6,8536,2000,46739,0
40,32649,0,38,6,20968,2608,46739,0
40,17076,0,38,6,36541,800,46739,0
40,54625,0,38,6,64527,6789,46739,0
40,10737,0,38,6,42880,1092,46739,0
40,64737,0,38,6,54415,10025,46739,0
40,5819,0,38,6,47798,1,46739,0
40,23950,0,38,6,29667,50300,46739,0
40,49654,0,38,6,3963,9220,46739,0
40,3135,0,38,6,50482,10003,46739,0
40,496,0,38,6,53121,912,46739,0
40,15851,0,38,6,37766,20222,46739,0
40,7561,0,38,6,46056,16992,46739,0
40,16872,0,38,6,36745,6566,46739,0
40,38427,0,38,6,15190,6646,46739,0
40,27282,0,38,6,26335,3372,46739,0
40,17956,0,38,6,35661,1688,46739,0
40,40995,0,38,6,12622,1984,46739,0
40,59124,0,38,6,60028,666,46739,0
40,2562,0,38,6,51055,211,46739,0
40,10945,0,38,6,42672,2381,46739,0
40,33738,0,38,6,19879,2048,46739,0
44,48929,0,50,6,1612,46741,726,0
40,56669,0,38,6,62483,1038,46739,0
40,63278,0,38,6,55874,1114,46739,0
40,54152,0,38,6,65000,10180,46739,0
40,4873,0,38,6,48744,2100,46739,0
40,20252,0,38,6,33365,10004,46739,0
40,37813,0,38,6,15804,4006,46739,0
40,38856,0,38,6,14761,49155,46739,0
40,22742,0,38,6,30875,5200,46739,0
40,52298,0,38,6,1319,1045,46739,0
40,40450,0,38,6,13167,10243,46739,0
40,48094,0,38,6,5523,11110,46739,0
40,36306,0,38,6,17311,12174,46739,0
40,38486,0,38,6,15131,726,46741,0
40,28862,0,38,6,24755,3369,46739,0
40,48975,0,38,6,4642,27352,46739,0
40,44009,0,38,6,9608,8089,46739,0
40,56833,0,38,6,62319,1301,46739,0
40,60729,0,38,6,58423,4129,46739,0
40,64498,0,38,6,54654,1272,46739,0
40,4533,0,38,6,49084,2602,46739,0
40,17459,0,38,6,36158,2399,46739,0
40,45879,0,38,6,7738,4126,46739,0
40,39838,0,38,6,13779,1417,46739,0
40,6407,0,38,6,47210,1840,46739,0
40,501,0,38,6,53116,32779,46739,0
40,20303,0,38,6,33314,3493,46739,0
40,62587,0,38,6,56565,6669,46739,0
40,64608,0,38,6,54544,25735,46739,0
40,17360,0,38,6,36257,9010,46739,0
44,25102,0,39,6,28255,46740,16016,0
40,46528,0,38,6,7089,16001,46739,0
40,2140,0,38,6,51477,13782,46739,0
44,31318,0,50,6,19223,46740,17,0
44,62553,0,56,6,51987,46740,1031,0
44,47378,0,49,6,3419,46740,5822,0
44,9020,0,44,6,43057,46740,32778,0
44,49840,0,39,6,3517,46740,2718,0
44,5396,0,57,6,43353,46740,2191,0
44,9356,0,37,6,44513,46740,9010,0
44,60750,0,51,6,55070,46740,25735,0
44,11604,0,44,6,40473,46740,6669,0
44,21061,0,58,6,27432,46740,3493,0
44,18972,0,55,6,30289,46740,32779,0
44,39234,0,37,6,14635,46740,1840,0
44,49948,0,58,6,64080,46740,1417,0
44,8748,0,46,6,42817,46740,4126,0
44,10912,0,40,6,42189,46740,2399,0
44,57851,0,52,6,57713,46740,2602,0
44,461,0,59,6,47776,46741,16016,0
44,18989,0,50,6,31552,46741,17,0
44,17647,0,52,6,32382,46741,1031,0
44,58842,0,43,6,59026,46741,5822,0
44,42553,0,51,6,7732,46741,32778,0
44,58373,0,57,6,55911,46741,2718,0
44,12031,0,46,6,39534,46741,2191,0
44,12078,0,56,6,36927,46741,9010,0
44,34139,0,58,6,14354,46741,25735,0
44,37495,0,40,6,15606,46741,6669,0
44,47144,0,58,6,1349,46741,3493,0
44,26171,0,51,6,24114,46741,32779,0
44,43637,0,59,6,4600,46741,1840,0
44,21678,0,54,6,27839,46741,1417,0
44,51222,0,40,6,1879,46741,4126,0
44,54006,0,43,6,63862,46741,2399,0
44,22122,0,45,6,29699,46741,2602,0
44,50642,0,45,6,1179,46742,16016,0
44,56020,0,39,6,62872,46742,17,0
44,264,0,38,6,53349,46742,1031,0
44,18984,0,45,6,32837,46742,5822,0
44,53600,0,48,6,62988,46742,32778,0
44,42988,0,48,6,8065,46742,2718,0
44,31679,0,47,6,19630,46742,2191,0
44,35024,0,57,6,13725,46742,9010,0
44,34688,0,49,6,16109,46742,25735,0
44,48884,0,56,6,121,46742,6669,0
44,60916,0,58,6,53112,46742,3493,0
44,48479,0,59,6,65293,46742,32779,0
44,53982,0,39,6,64910,46742,1840,0
44,52166,0,42,6,423,46742,1417,0
44,57579,0,41,6,60801,46742,4126,0
44,22551,0,39,6,30806,46742,2399,0
44,59150,0,43,6,58718,46742,2602,0
44,33984,0,53,6,15789,46743,16016,0
44,31123,0,40,6,21978,46743,17,0
44,4973,0,56,6,44032,46743,1031,0
44,31405,0,43,6,20928,46743,5822,0
44,54204,0,47,6,62640,46743,32778,0
44,4836,0,56,6,44169,46743,2718,0
44,35597,0,41,6,17248,46743,2191,0
44,35604,0,43,6,16729,46743,9010,0
44,26447,0,52,6,23582,46743,25735,0
44,36343,0,38,6,17270,46743,6669,0
44,62378,0,52,6,53186,46743,3493,0
44,44523,0,44,6,7554,46743,32779,0
44,58152,0,47,6,58692,46743,1840,0
44,30780,0,54,6,18737,46743,1417,0
44,45464,0,37,6,8405,46743,4126,0
44,55898,0,56,6,58642,46743,2399,0
44,48734,0,46,6,2831,46743,2602,0
40,54844,0,38,6,64308,53,46739,0
40,0,2,64,6,30577,46739,53,0
40,33748,0,38,6,19869,4126,46740,0
40,17318,0,38,6,36299,2399,46740,0
40,37524,0,38,6,16093,2602,46740,0
40,20919,0,38,6,32698,16016,46741,0
64,142,2,64,17,14026,54125,53,0
64,143,2,64,17,14025,54125,53,0
40,26902,0,38,6,26715,17,46741,0
64,49592,0,38,17,53151,53,54125,0
64,21944,0,38,17,15264,53,54125,0
40,41739,0,38,6,11878,1031,46741,0
40,64415,0,38,6,54737,2010,46740,0
40,15811,0,38,6,37806,5822,46741,0
40,23055,0,38,6,30562,7001,46740,0
40,22620,0,38,6,30997,32778,46741,0
40,28317,0,38,6,25300,2260,46740,0
40,56543,0,38,6,62609,2718,46741,0
40,60873,0,38,6,58279,1658,46740,0
40,29745,0,38,6,23872,2191,46741,0
40,6108,0,38,6,47509,125,46740,0
40,550,0,38,6,53067,9010,46741,0
40,45535,0,38,6,8082,32770,46740,0
40,60217,0,38,6,58935,25735,46741,0
40,48445,0,38,6,5172,24800,46740,0
40,34414,0,38,6,19203,6669,46741,0
40,23730,0,38,6,29887,3493,46741,0
40,40783,0,38,6,12834,3367,46740,0
40,1649,0,38,6,51968,5051,46740,0
40,34815,0,38,6,18802,32779,46741,0
40,3948,0,38,6,49669,1840,46741,0
40,21240,0,38,6,32377,7625,46740,0
40,18804,0,38,6,34813,1417,46741,0
40,40996,0,38,6,12621,60443,46741,0
40,12050,0,38,6,41567,4126,46741,0
40,20523,0,38,6,33094,1233,46740,0
40,41395,0,38,6,12222,2399,46741,0
40,20080,0,38,6,33537,1028,46740,0
40,57228,0,38,6,61924,2602,46741,0
40,48976,0,38,6,4641,16016,46742,0
40,12912,0,38,6,40705,10082,46740,0
40,5384,0,38,6,48233,1718,46740,0
40,20208,0,38,6,33409,17,46742,0
40,39325,0,38,6,14292,9500,46740,0
40,10979,0,38,6,42638,1031,46742,0
40,22039,0,38,6,31578,35500,46740,0
40,10774,0,38,6,42843,5822,46742,0
40,29411,0,38,6,24206,32778,46742,0
40,20497,0,38,6,33120,2718,46742,0
40,18777,0,38,6,34840,2191,46742,0
40,19755,0,38,6,33862,9010,46742,0
40,55747,0,38,6,63405,25735,46742,0
40,4497,0,38,6,49120,6669,46742,0
40,26225,0,38,6,27392,3493,46742,0
40,59286,0,38,6,59866,32779,46742,0
40,49420,0,38,6,4197,1840,46742,0
40,64575,0,38,6,54577,1417,46742,0
40,25857,0,38,6,27760,4126,46742,0
40,30090,0,38,6,23527,2399,46742,0
40,35406,0,38,6,18211,2602,46742,0
40,35771,0,38,6,17846,16016,46743,0
40,41476,0,38,6,12141,17,46743,0
40,42167,0,38,6,11450,1031,46743,0
40,45702,0,38,6,7915,5822,46743,0
40,25057,0,38,6,28560,32778,46743,0
40,33992,0,38,6,19625,2718,46743,0
40,62264,0,38,6,56888,2191,46743,0
40,23865,0,38,6,29752,9010,46743,0
40,35887,0,38,6,17730,25735,46743,0
40,14747,0,38,6,38870,6669,46743,0
40,6044,0,38,6,47573,3493,46743,0
44,22518,0,37,6,31351,46744,16016,0
40,24859,0,38,6,28758,16016,46744,0
40,61943,0,38,6,57209,32779,46743,0
40,64684,0,38,6,54468,1840,46743,0
40,3560,0,38,6,50057,1417,46743,0
40,696,0,38,6,52921,4126,46743,0
40,6197,0,38,6,47420,2399,46743,0
40,56324,0,38,6,62828,2602,46743,0
60,14095,2,64,6,16462,40232,53,0
48,53207,0,38,6,402,53,40232,0
40,14096,2,64,6,16481,40232,53,0
60,40650,2,64,6,55442,40586,23000,0
48,6130,0,38,6,47479,23000,40586,0
40,40651,2,64,6,55461,40586,23000,0
121,40652,2,64,6,55379,40586,23000,0
40,44643,0,38,6,8974,23000,40586,0
321,63228,0,38,6,55643,23000,40586,0
40,40653,2,64,6,55459,40586,23000,0
40,5125,0,38,6,48492,23000,40586,0
40,40654,2,64,6,55458,40586,23000,0
40,17854,0,38,6,35763,23000,40586,0
40,50453,0,38,6,3164,16016,46740,0
40,42144,0,38,6,11473,2191,46739,0
40,39524,0,38,6,14093,2718,46739,0
40,11628,0,38,6,41989,32778,46739,0
40,61570,0,38,6,57582,5822,46739,0
40,17485,0,38,6,36132,1031,46739,0
40,29144,0,38,6,24473,17,46739,0
40,21559,0,38,6,32058,16016,46739,0
40,39375,0,38,6,14242,2038,46739,0
40,572,0,38,6,53045,4900,46739,0
40,63193,0,38,6,55959,7004,46739,0
40,30487,0,38,6,23130,5060,46739,0
40,20421,0,38,6,33196,9003,46739,0
40,16818,0,38,6,36799,3128,46739,0
40,54271,0,38,6,64881,9898,46739,0
40,16914,0,38,6,36703,777,46739,0
40,17928,0,38,6,35689,8254,46739,0
40,6930,0,38,6,46687,9618,46739,0
40,56442,0,38,6,62710,1061,46739,0
40,10691,0,38,6,42926,65389,46739,0
40,647,0,38,6,52970,1443,46739,0
40,17856,0,38,6,35761,5100,46739,0
40,36430,0,38,6,17187,726,46739,0
40,52243,0,38,6,1374,3784,46739,0
40,52917,0,38,6,700,1862,46739,0
40,61080,0,38,6,58072,8292,46739,0
40,25158,0,38,6,28459,81,46739,0
40,14893,0,38,6,38724,2021,46739,0
40,39178,0,38,6,14439,1090,46739,0
40,47300,0,38,6,6317,179,46739,0
40,47166,0,38,6,6451,8701,46739,0
40,59137,0,38,6,60015,1163,46739,0
40,10604,0,38,6,43013,2001,46739,0
40,19865,0,38,6,33752,9944,46739,0
40,35497,0,38,6,18120,1198,46739,0
40,15555,0,38,6,38062,88,46739,0
40,15844,0,38,6,37773,898,46739,0
40,18784,0,38,6,34833,416,46739,0
40,30022,0,38,6,23595,5002,46739,0
40,35802,0,38,6,17815,20005,46739,0
40,65248,0,38,6,53904,901,46739,0
40,50388,0,38,6,3229,5414,46739,0
40,14804,0,38,6,38813,2393,46739,0
40,26618,0,38,6,26999,5544,46739,0
40,56734,0,38,6,62418,1556,46739,0
40,12826,0,38,6,40791,3809,46739,0
40,53067,0,38,6,550,30,46739,0
40,54772,0,38,6,64380,2811,46739,0
40,50414,0,38,6,3203,1030,46739,0
40,21899,0,38,6,31718,4998,46739,0
40,16842,0,38,6,36775,2383,46739,0
40,45297,0,38,6,8320,2702,46739,0
40,15552,0,38,6,38065,1057,46739,0
40,41552,0,38,6,12065,3517,46739,0
40,53691,0,38,6,65461,32773,46739,0
40,37839,0,38,6,15778,8873,46739,0
40,37676,0,38,6,15941,10628,46739,0
40,48282,0,38,6,5335,9001,46739,0
40,10129,0,38,6,43488,4111,46739,0
40,18851,0,38,6,34766,2022,46739,0
40,48382,0,38,6,5235,1063,46739,0
40,59905,0,38,6,59247,8652,46739,0
40,15148,0,38,6,38469,37,46739,0
40,33600,0,38,6,20017,8007,46739,0
40,20428,0,38,6,33189,119,46739,0
40,16763,0,38,6,36854,5810,46739,0
40,29639,0,38,6,23978,8042,46739,0
40,19869,0,38,6,33748,3003,46739,0
40,19239,0,38,6,34378,4445,46739,0
40,18761,0,38,6,34856,9100,46739,0
40,36343,0,38,6,17274,515,46739,0
40,1271,0,38,6,52346,259,46739,0
40,57322,0,38,6,61830,5998,46739,0
40,5715,0,38,6,47902,2004,46739,0
40,37307,0,38,6,16310,464,46739,0
40,57372,0,38,6,61780,5054,46739,0
40,14287,0,38,6,39330,32768,46739,0
40,23957,0,38,6,29660,5000,46739,0
40,25103,0,38,6,28514,524,46739,0
40,21428,0,38,6,32189,563,46739,0
40,1074,0,38,6,52543,2007,46739,0
40,25600,0,38,6,28017,6106,46739,0
40,43781,0,38,6,9836,8021,46739,0
40,38373,0,38,6,15244,3030,46739,0
40,6944,0,38,6,46673,6,46739,0
40,18958,0,38,6,34659,3323,46739,0
40,31443,0,38,6,22174,5001,46739,0
40,31876,0,38,6,21741,1783,46739,0
40,2624,0,38,6,50993,2009,46739,0
40,29253,0,38,6,24364,8290,46739,0
40,18041,0,38,6,35576,9207,46739,0
40,47858,0,38,6,5759,3052,46739,0
40,62290,0,38,6,56862,3007,46739,0
40,45170,0,38,6,8447,17,46740,0
40,3894,0,38,6,49723,17877,46739,0
40,3749,0,38,6,49868,8181,46739,0
40,1613,0,38,6,52004,1277,46739,0
40,44445,0,38,6,9172,55555,46739,0
40,46475,0,38,6,7142,2135,46739,0
40,10443,0,38,6,43174,1044,46739,0
40,15188,0,38,6,38429,1058,46739,0
40,7498,0,38,6,46119,1052,46739,0
40,56040,0,38,6,63112,7999,46739,0
40,25793,0,38,6,27824,16012,46739,0
40,11244,0,38,6,42373,35500,46739,0
40,37758,0,38,6,15859,9500,46739,0
40,20735,0,38,6,32882,2010,46739,0
40,13474,0,38,6,40143,5051,46739,0
40,49141,0,38,6,4476,3367,46739,0
40,13246,0,38,6,40371,24800,46739,0
40,42886,0,38,6,10731,32770,46739,0
40,38739,0,38,6,14878,125,46739,0
40,8347,0,38,6,45270,1658,46739,0
40,37538,0,38,6,16079,2260,46739,0
40,40815,0,38,6,12802,7001,46739,0
40,55325,0,38,6,63827,1718,46739,0
40,13344,0,38,6,40273,10082,46739,0
40,30228,0,38,6,23389,1028,46739,0
40,65476,0,38,6,53676,1233,46739,0
40,6696,0,38,6,46921,7625,46739,0
40,46010,0,38,6,7607,1031,46740,0
40,47676,0,38,6,5941,5822,46740,0
40,2197,0,38,6,51420,32778,46740,0
40,15990,0,38,6,37627,2718,46740,0
40,47544,0,38,6,6073,2191,46740,0
40,23839,0,38,6,29778,9010,46740,0
40,5015,0,38,6,48602,25735,46740,0
40,58944,0,38,6,60208,6669,46740,0
40,50146,0,38,6,3471,3493,46740,0
40,1869,0,38,6,51748,32779,46740,0
40,51454,0,38,6,2163,1840,46740,0
40,29472,0,38,6,24145,60443,46740,0
40,31433,0,38,6,22184,1417,46740,0
60,42116,2,64,6,53976,40588,23000,0
48,12317,0,38,6,41292,23000,40588,0
40,42117,2,64,6,53995,40588,23000,0
121,42118,2,64,6,53913,40588,23000,0
40,46986,0,38,6,6631,23000,40588,0
321,64503,0,38,6,54368,23000,40588,0
40,42119,2,64,6,53993,40588,23000,0
40,51873,0,38,6,1744,23000,40588,0
40,42120,2,64,6,53992,40588,23000,0
40,56089,0,38,6,63063,23000,40588,0
60,8430,2,64,6,22127,40590,23000,0
48,54215,0,38,6,64929,23000,40590,0
40,8431,2,64,6,22146,40590,23000,0
121,8432,2,64,6,22064,40590,23000,0
40,10984,0,38,6,42633,23000,40590,0
321,1273,0,38,6,52063,23000,40590,0
40,42481,0,38,6,11136,23000,40590,0
40,8433,2,64,6,22144,40590,23000,0
40,8434,2,64,6,22143,40590,23000,0
40,37648,0,38,6,15969,23000,40590,0
60,8707,2,64,6,21850,40592,23000,0
48,52967,0,38,6,642,23000,40592,0
40,8708,2,64,6,21869,40592,23000,0
121,8709,2,64,6,21787,40592,23000,0
40,10464,0,38,6,43153,23000,40592,0
321,31250,0,38,6,22086,23000,40592,0
40,8710,2,64,6,21867,40592,23000,0
40,10213,0,38,6,43404,23000,40592,0
40,8711,2,64,6,21866,40592,23000,0
40,32278,0,38,6,21339,23000,40592,0
40,26419,0,38,6,27198,720,46739,0
40,62733,0,38,6,56419,1433,46739,0
40,14946,0,38,6,38671,1199,46739,0
40,44666,0,38,6,8951,9002,46739,0
40,19204,0,38,6,34413,4242,46739,0
40,61391,0,38,6,57761,6002,46739,0
40,23225,0,38,6,30392,52869,46739,0
40,6660,0,38,6,46957,49165,46739,0
40,42949,0,38,6,10668,15742,46739,0
40,64185,0,38,6,54967,4443,46739,0
40,12455,0,38,6,41162,1131,46739,0
40,24571,0,38,6,29046,3324,46739,0
40,51075,0,38,6,2542,2909,46739,0
40,55338,0,38,6,63814,57797,46739,0
40,36505,0,38,6,17112,1110,46739,0
40,10782,0,38,6,42835,1119,46739,0
40,29467,0,38,6,24150,32783,46739,0
40,29168,0,38,6,24449,58080,46739,0
40,22660,0,38,6,30957,8010,46739,0
40,54172,0,38,6,64980,2033,46739,0
40,1286,0,38,6,52331,7443,46739,0
40,30884,0,38,6,22733,27355,46739,0
40,24597,0,38,6,29020,1081,46739,0
40,23459,0,38,6,30158,5102,46739,0
40,26085,0,38,6,27532,27000,46739,0
40,41013,0,38,6,12604,1067,46739,0
40,60451,0,38,6,58701,1121,46739,0
40,64650,0,38,6,54502,8994,46739,0
40,24646,0,38,6,28971,5061,46739,0
40,43972,0,38,6,9645,667,46739,0
40,34168,0,38,6,19449,1007,46739,0
40,61482,0,38,6,57670,16018,46739,0
40,26675,0,38,6,26942,2869,46739,0
40,30025,0,38,6,23592,4449,46739,0
40,60275,0,38,6,58877,1089,46739,0
40,50039,0,38,6,3578,31337,46739,0
40,57322,0,38,6,61830,6100,46739,0
40,4673,0,38,6,48944,311,46739,0
40,54802,0,38,6,64350,8031,46739,0
40,12922,0,38,6,40695,1533,46739,0
40,54758,0,38,6,64394,6792,46739,0
40,28270,0,38,6,25347,1812,46739,0
40,16990,0,38,6,36627,52822,46739,0
40,23368,0,38,6,30249,1641,46739,0
40,49928,0,38,6,3689,1717,46739,0
40,21413,0,38,6,32204,3880,46739,0
40,53261,0,38,6,356,7627,46739,0
40,50727,0,38,6,2890,15660,46739,0
40,22889,0,38,6,30728,616,46739,0
40,65273,0,38,6,53879,2126,46739,0
40,25204,0,38,6,28413,4002,46739,0
40,60874,0,38,6,58278,10616,46739,0
40,62133,0,38,6,57019,50001,46739,0
40,18432,0,38,6,35185,10010,46739,0
40,55737,0,38,6,63415,51493,46739,0
40,36099,0,38,6,17518,5877,46739,0
40,38207,0,38,6,15410,1084,46739,0
40,9867,0,38,6,43750,1021,46739,0
40,27390,0,38,6,26227,26,46739,0
40,27451,0,38,6,26166,1050,46739,0
40,23450,0,38,6,30167,49167,46739,0
40,41005,0,38,6,12612,49176,46739,0
40,2587,0,38,6,51030,161,46739,0
40,4081,0,38,6,49536,646,46739,0
40,28678,0,38,6,24939,2288,46739,0
40,7192,0,38,6,46425,17988,46739,0
40,9093,0,38,6,44524,15003,46739,0
40,26481,0,38,6,27136,1035,46739,0
40,59995,0,38,6,59157,144,46739,0
40,9369,0,38,6,44248,7106,46739,0
40,23688,0,38,6,29929,222,46739,0
40,2319,0,38,6,51298,1310,46739,0
40,41050,0,38,6,12567,3333,46739,0
40,23287,0,38,6,30330,11111,46739,0
40,61174,0,38,6,57978,34572,46739,0
40,51218,0,38,6,2399,6699,46739,0
40,52301,0,38,6,1316,9900,46739,0
40,61488,0,38,6,57664,19283,46739,0
40,8649,0,38,6,44968,1328,46739,0
40,32577,0,38,6,21040,458,46739,0
40,40737,0,38,6,12880,3914,46739,0
40,20125,0,38,6,33492,1085,46739,0
40,59982,0,38,6,59170,5800,46739,0
40,4885,0,38,6,48732,4125,46739,0
40,62412,0,38,6,56740,212,46739,0
40,24349,0,38,6,29268,42510,46739,0
40,32046,0,38,6,21571,6007,46739,0
40,64888,0,38,6,54264,1971,46739,0
40,39896,0,38,6,13721,13456,46739,0
40,22154,0,38,6,31463,1154,46739,0
40,11952,0,38,6,41665,3920,46739,0
40,15236,0,38,6,38381,84,46739,0
40,45671,0,38,6,7946,1033,46739,0
40,40991,0,38,6,12626,1083,46739,0
40,16998,0,38,6,36619,2323,46739,0
40,1542,0,38,6,52075,1054,46739,0
40,19071,0,38,6,34546,5500,46739,0
40,9723,0,38,6,43894,2046,46739,0
40,49860,0,38,6,3757,32784,46739,0
40,28010,0,38,6,25607,31038,46739,0
40,30768,0,38,6,22849,6969,46739,0
40,60584,0,38,6,58568,6881,46739,0
40,53058,0,38,6,559,5730,46739,0
40,63960,0,38,6,55192,2190,46739,0
40,23031,0,38,6,30586,1148,46739,0
40,20833,0,38,6,32784,1107,46739,0
40,46556,0,38,6,7061,1010,46739,0
40,32531,0,38,6,21086,34573,46739,0
40,14392,0,38,6,39225,6000,46739,0
40,64389,0,38,6,54763,2179,46739,0
40,52270,0,38,6,1347,2161,46739,0
40,62542,0,38,6,56610,2604,46739,0
40,13589,0,38,6,40028,7002,46739,0
40,5450,0,38,6,48167,1309,46739,0
40,32353,0,38,6,21264,16080,46739,0
40,20332,0,38,6,33285,6779,46739,0
40,65355,0,38,6,53797,8291,46739,0
40,18237,0,38,6,35380,65000,46739,0
40,52571,0,38,6,1046,5850,46739,0
40,52184,0,38,6,1433,2638,46739,0
40,12975,0,38,6,40642,999,46739,0
40,4674,0,38,6,48943,50636,46739,0
40,41717,0,38,6,11900,2500,46739,0
40,23760,0,38,6,29857,255,46739,0
40,50365,0,38,6,3252,56738,46739,0
40,24312,0,38,6,29305,5214,46739,0
40,3870,0,38,6,49747,1296,46739,0
40,60118,0,38,6,59034,3828,46739,0
40,16646,0,38,6,36971,44176,46739,0
40,45494,0,38,6,8123,3551,46739,0
40,13702,0,38,6,39915,4446,46739,0
40,1155,0,38,6,52462,1097,46739,0
40,56519,0,38,6,62633,3261,46739,0
40,45314,0,38,6,8303,5560,46739,0
40,14637,0,38,6,38980,9575,46739,0
40,47404,0,38,6,6213,5666,46739,0
40,24594,0,38,6,29023,911,46739,0
72,14097,2,64,6,16448,40232,53,0
40,24602,0,38,6,29015,53,40232,0
99,37423,0,38,6,16135,53,40232,0
40,14098,2,64,6,16479,40232,53,0
40,14099,2,64,6,16478,40232,53,0
40,60403,0,38,6,58749,53,40232,0
40,6795,0,38,6,46822,53,40232,0
40,0,2,64,6,30577,40232,53,0
60,59458,2,64,6,36634,40594,23000,0
48,37110,0,38,6,16499,23000,40594,0
40,59459,2,64,6,36653,40594,23000,0
121,59460,2,64,6,36571,40594,23000,0
40,11191,0,38,6,42426,23000,40594,0
321,27909,0,38,6,25427,23000,40594,0
40,59461,2,64,6,36651,40594,23000,0
40,19176,0,38,6,34441,23000,40594,0
40,59462,2,64,6,36650,40594,23000,0
40,29092,0,38,6,24525,23000,40594,0
66,265,2,64,17,13901,51441,53,0
66,266,2,64,17,13900,51441,53,0
66,59225,0,38,17,43516,53,51441,0
66,53193,0,38,17,49548,53,51441,0
60,41134,0,44,6,10927,63614,53,0
48,14407,0,38,6,39202,53,63614,0
40,0,2,64,6,30577,63614,53,0
60,38544,0,48,6,12493,63615,53,0
48,64731,0,38,6,54413,53,63615,0
40,0,2,64,6,30577,63615,53,0
60,25419,0,48,6,25618,63616,53,0
48,42169,0,38,6,11440,53,63616,0
40,0,2,64,6,30577,63616,53,0
64,281,2,64,17,13887,36493,53,0
64,282,2,64,17,13886,36493,53,0
225,39682,0,38,17,62900,53,36493,0
56,50166,0,57,6,64106,63617,53,0
48,17318,0,38,6,36291,53,63617,0
40,0,2,64,6,30577,63617,53,0
209,54518,0,38,17,48080,53,36493,0
70,284,2,64,17,13878,58777,53,0
70,44181,0,38,17,58556,53,58777,0
60,53049,0,55,6,61731,63618,53,0
48,21804,0,38,6,31805,53,63618,0
40,0,2,64,6,30577,63618,53,0
56,40007,0,41,6,12826,63619,53,0
44,64374,0,38,6,54774,53,63619,0
40,0,2,64,6,30577,63619,53,0
148,63969,2,48,1,36136,8,9,0
178,24551,0,54,1,24833,8,0,0
328,4162,0,55,17,44804,63838,32875,0
40,55744,0,38,6,63408,53,63614,0
40,0,2,64,6,30577,63614,53,0
52,43960,0,40,6,9133,63626,53,0
48,23758,0,38,6,29851,53,63626,0
40,0,2,64,6,30577,63626,53,0
60,3488,2,37,6,33981,63628,53,0
60,35161,0,41,6,17668,63629,53,0
48,60885,0,38,6,58259,53,63629,0
40,0,2,64,6,30577,63629,53,0
60,5260,2,57,6,27089,63630,53,0
40,52869,0,38,6,748,53,63630,0
40,44049,0,38,6,9568,53,63615,0
40,0,2,64,6,30577,63615,53,0
60,36196,0,46,6,15353,63631,1,0
40,11965,0,38,6,41652,1,63631,0
60,1332,2,46,6,33833,63632,1,0
40,57602,0,38,6,61550,1,63632,0
60,16359,0,56,6,32630,63633,1,0
40,10241,0,38,6,43376,53,63616,0
40,0,2,64,6,30577,63616,53,0
40,31052,0,38,6,22565,53,63617,0
40,0,2,64,6,30577,63617,53,0
40,55156,0,38,6,63996,53,63618,0
40,0,2,64,6,30577,63618,53,0
40,49087,0,38,6,4530,53,63619,0
40,0,2,64,6,30577,63619,53,0
60,18456,2,64,6,12101,40596,23000,0
48,20339,0,38,6,33270,23000,40596,0
40,18457,2,64,6,12120,40596,23000,0
121,18458,2,64,6,12038,40596,23000,0
40,56820,0,38,6,62332,23000,40596,0
321,5183,0,38,6,48153,23000,40596,0
40,58173,0,38,6,60979,23000,40596,0
40,18459,2,64,6,12118,40596,23000,0
40,18460,2,64,6,12117,40596,23000,0
40,2942,0,38,6,50675,23000,40596,0
40,38348,0,38,6,15269,53,63626,0
40,0,2,64,6,30577,63626,53,0
40,32999,0,38,6,20618,53,63629,0
40,0,2,64,6,30577,63629,53,0
148,39518,2,44,1,61611,8,9,0
178,38718,0,56,1,10154,8,0,0
328,4162,0,55,17,44804,63838,32875,0
60,21169,2,56,6,11436,63628,53,0
60,52635,0,43,6,65217,63633,1,0
64,481,2,64,17,13687,51193,53,0
64,482,2,64,17,13686,51193,53,0
64,34585,0,38,17,2623,53,51193,0
64,52923,0,38,17,49820,53,51193,0
60,27104,2,64,6,3453,40598,23000,0
48,41246,0,38,6,12363,23000,40598,0
40,27105,2,64,6,3472,40598,23000,0
121,27106,2,64,6,3390,40598,23000,0
40,64938,0,38,6,54214,23000,40598,0
321,18016,0,38,6,35320,23000,40598,0
40,27107,2,64,6,3470,40598,23000,0
40,19296,0,38,6,34321,23000,40598,0
40,27108,2,64,6,3469,40598,23000,0
40,63455,0,38,6,55697,23000,40598,0
63,61218,2,64,17,34860,34988,53,0
63,61219,2,64,17,34859,34988,53,0
63,20165,0,38,17,33418,53,34988,0
63,11945,0,38,17,41638,53,34988,0
148,58655,2,58,1,38890,8,9,0
178,28199,0,51,1,21953,8,0,0
328,4162,0,55,17,44804,63838,32875,0
60,9155,2,41,6,27290,63628,53,0
40,39823,0,38,6,13794,53,63614,0
40,0,2,64,6,30577,63614,53,0
64,495,2,64,17,13673,35032,53,0
64,496,2,64,17,13672,35032,53,0
64,30608,0,38,17,6600,53,35032,0
225,5011,0,38,17,32036,53,35032,0
70,497,2,64,17,13665,45119,53,0
70,22753,0,38,17,14449,53,45119,0
60,29048,0,47,6,22245,63633,1,0
40,26874,0,38,6,26743,53,46739,0
40,0,2,64,6,30577,46739,53,0
40,14927,0,38,6,38690,53,63615,0
40,0,2,64,6,30577,63615,53,0
40,32624,0,38,6,20993,53,63616,0
40,0,2,64,6,30577,63616,53,0
40,52411,0,38,6,1206,53,63617,0
40,0,2,64,6,30577,63617,53,0
40,54361,0,38,6,64791,53,63618,0
40,0,2,64,6,30577,63618,53,0
40,23203,0,38,6,30414,53,63619,0
40,0,2,64,6,30577,63619,53,0
40,11040,0,38,6,42577,53,63626,0
40,0,2,64,6,30577,63626,53,0
40,1305,0,38,6,52312,53,63629,0
40,0,2,64,6,30577,63629,53,0
148,47105,2,45,1,53768,8,9,0
178,14634,0,47,1,36542,8,0,0
328,4162,0,55,17,44804,63838,32875,0
60,5227,2,42,6,30962,63628,53,0
60,34815,0,51,6,15454,63633,1,0
69,678,2,64,17,13485,48044,53,0
69,679,2,64,17,13484,48044,53,0
85,32101,0,38,17,5086,53,48044,0
69,48159,0,38,17,54579,53,48044,0
76,680,2,64,17,13476,46305,123,0
76,41819,0,38,17,60912,123,46305,0
63,61373,2,64,17,34705,34988,53,0
63,61374,2,64,17,34704,34988,53,0
63,33199,0,38,17,20384,53,34988,0
63,14445,0,38,17,39138,53,34988,0
63,768,2,64,17,13401,58508,53,0
63,769,2,64,17,13400,58508,53,0
63,16632,0,38,17,20577,53,58508,0
63,26219,0,38,17,10990,53,58508,0
60,10040,0,45,6,41765,63614,53,0
48,8020,0,38,6,45589,53,63614,0
40,0,2,64,6,30577,63614,53,0
60,56660,0,51,6,59144,63615,53,0
48,49032,0,38,6,4577,53,63615,0
40,0,2,64,6,30577,63615,53,0
60,40650,0,45,6,11155,63616,53,0
48,55768,0,38,6,63376,53,63616,0
40,0,2,64,6,30577,63616,53,0
56,48863,0,48,6,2178,63617,53,0
48,53181,0,38,6,428,53,63617,0
40,0,2,64,6,30577,63617,53,0
60,31536,0,39,6,21805,63618,53,0
48,60170,0,38,6,58974,53,63618,0
40,0,2,64,6,30577,63618,53,0
56,31312,0,49,6,19473,63619,53,0
44,58071,0,38,6,61077,53,63619,0
40,0,2,64,6,30577,63619,53,0
148,12856,2,44,1,22738,8,9,0
178,29888,0,51,1,20264,8,0,0
328,4162,0,62,17,43012,63838,43826,0
40,36586,0,38,6,17031,53,63614,0
40,0,2,64,6,30577,63614,53,0
52,50113,0,45,6,1700,63626,53,0
48,15849,0,38,6,37760,53,63626,0
40,0,2,64,6,30577,63626,53,0
60,12744,2,37,6,24725,63628,53,0
60,7258,0,45,6,44547,63629,53,0
48,65095,0,38,6,54049,53,63629,0
40,0,2,64,6,30577,63629,53,0
60,1313,2,37,6,36156,63630,53,0
40,17204,0,38,6,36413,53,63630,0
40,29210,0,38,6,24407,53,63615,0
40,0,2,64,6,30577,63615,53,0
60,37924,0,39,6,15417,63631,1,0
40,41193,0,38,6,12424,1,63631,0
60,10628,2,38,6,26585,63632,1,0
40,7817,0,38,6,45800,1,63632,0
60,33385,0,40,6,19700,63633,1,0
40,41470,0,38,6,12147,53,63616,0
40,0,2,64,6,30577,63616,53,0
40,9237,0,38,6,44380,53,63617,0
40,0,2,64,6,30577,63617,53,0
148,45860,2,50,1,53733,8,9,0
40,49868,0,38,6,3749,53,63618,0
40,0,2,64,6,30577,63618,53,0
178,61455,0,40,1,57048,8,0,0
328,4162,0,62,17,43012,63838,43826,0
60,21147,2,59,6,10690,63628,53,0
40,44102,0,38,6,9515,53,63619,0
40,0,2,64,6,30577,63619,53,0
60,13716,0,52,6,36297,63633,1,0
40,5939,0,38,6,47678,53,63626,0
40,0,2,64,6,30577,63626,53,0
40,44255,0,38,6,9362,53,63629,0
40,0,2,64,6,30577,63629,53,0
148,63965,2,51,1,35372,8,9,0
178,57583,0,41,1,60664,8,0,0
328,4162,0,62,17,43012,63838,43826,0
60,37484,2,46,6,63216,63628,53,0
40,12696,0,38,6,40921,53,63614,0
40,0,2,64,6,30577,63614,53,0
60,46210,0,49,6,4571,63633,1,0
40,6941,0,38,6,46676,53,63615,0
40,0,2,64,6,30577,63615,53,0
40,46209,0,38,6,7408,53,63616,0
40,0,2,64,6,30577,63616,53,0
148,12341,2,47,1,22485,8,9,0
178,18239,0,43,1,33961,8,0,0
40,18387,0,38,6,35230,53,63617,0
40,0,2,64,6,30577,63617,53,0
328,4162,0,62,17,43012,63838,43826,0
60,21399,2,52,6,12230,63628,53,0
40,62129,0,38,6,57023,53,63618,0
40,0,2,64,6,30577,63618,53,0
60,443,2,64,6,30114,40600,23000,0
48,20280,0,38,6,33329,23000,40600,0
40,444,2,64,6,30133,40600,23000,0
121,445,2,64,6,30051,40600,23000,0
40,20568,0,38,6,33049,23000,40600,0
321,17711,0,38,6,35625,23000,40600,0
40,446,2,64,6,30131,40600,23000,0
40,17836,0,38,6,35781,23000,40600,0
40,447,2,64,6,30130,40600,23000,0
40,970,0,38,6,52647,23000,40600,0
60,12431,0,37,6,41422,63633,1,0
40,61302,0,38,6,57850,53,63619,0
40,0,2,64,6,30577,63619,53,0
40,24643,0,38,6,28974,53,63626,0
40,0,2,64,6,30577,63626,53,0
40,19208,0,38,6,34409,53,63629,0
40,0,2,64,6,30577,63629,53,0
40,47969,0,10,6,12614,50310,80,0
40,3626,0,38,6,49991,80,50310,0
40,48702,0,9,6,12280,50311,80,0
40,10826,0,38,6,42791,80,50311,0
40,44111,0,8,6,16958,50308,80,0
40,30299,0,38,6,23318,80,50308,0
40,38552,0,7,6,22910,50309,80,0
40,14236,0,38,6,39381,80,50309,0
40,22927,0,6,6,38699,50306,80,0
40,18519,0,5,6,43373,50307,80,0
40,24014,0,4,6,38198,50304,80,0
40,31179,0,3,6,31285,50305,80,0
40,42567,0,2,6,20144,50318,80,0
40,49476,0,38,6,4141,80,50306,0
40,15008,0,38,6,38609,80,50307,0
40,59771,0,1,6,3091,50319,80,0
40,42005,0,38,6,11612,80,50304,0
40,20827,0,38,6,32790,80,50305,0
40,16134,0,38,6,37483,80,50318,0
40,8593,0,38,6,45024,80,50319,0
71,901,2,64,17,13260,35455,53,0
71,8562,0,38,17,28639,53,35455,0
60,19051,2,64,6,11506,40250,53,0
48,17944,0,38,6,35665,53,40250,0
40,19052,2,64,6,11525,40250,53,0
84,19053,2,64,6,11480,40250,53,0
40,31551,0,38,6,22066,53,40250,0
115,43620,0,38,6,9922,53,40250,0
40,19054,2,64,6,11523,40250,53,0
40,341,0,38,6,53276,53,63614,0
40,0,2,64,6,30577,63614,53,0
40,40627,0,38,6,12990,53,63615,0
40,0,2,64,6,30577,63615,53,0
40,25960,0,38,6,27657,53,63616,0
40,0,2,64,6,30577,63616,53,0
40,62189,0,38,6,56963,53,63617,0
40,0,2,64,6,30577,63617,53,0
40,52047,0,38,6,1570,53,63618,0
40,0,2,64,6,30577,63618,53,0
40,46910,0,38,6,6707,53,63619,0
40,0,2,64,6,30577,63619,53,0
60,41231,2,64,6,54861,40604,23000,0
48,47900,0,38,6,5709,23000,40604,0
40,41232,2,64,6,54880,40604,23000,0
121,41233,2,64,6,54798,40604,23000,0
40,60884,0,38,6,58268,23000,40604,0
321,33675,0,38,6,19661,23000,40604,0
40,41234,2,64,6,54878,40604,23000,0
40,64096,0,38,6,55056,23000,40604,0
40,41235,2,64,6,54877,40604,23000,0
40,19026,0,38,6,34591,23000,40604,0
40,7799,0,38,6,45818,53,63626,0
40,0,2,64,6,30577,63626,53,0
40,36420,0,38,6,17197,53,63629,0
40,0,2,64,6,30577,63629,53,0
60,27050,2,64,6,3507,40606,23000,0
48,21707,0,38,6,31902,23000,40606,0
40,27051,2,64,6,3526,40606,23000,0
121,27052,2,64,6,3444,40606,23000,0
40,39311,0,38,6,14306,23000,40606,0
321,58713,0,38,6,60158,23000,40606,0
40,27053,2,64,6,3524,40606,23000,0
40,64864,0,38,6,54288,23000,40606,0
40,27054,2,64,6,3523,40606,23000,0
40,4217,0,38,6,49400,23000,40606,0
60,43231,2,64,6,52861,40608,23000,0
48,21293,0,38,6,32316,23000,40608,0
40,43232,2,64,6,52880,40608,23000,0
121,43233,2,64,6,52798,40608,23000,0
40,15522,0,38,6,38095,23000,40608,0
321,5490,0,38,6,47846,23000,40608,0
40,65214,0,38,6,53938,23000,40608,0
40,43234,2,64,6,52878,40608,23000,0
40,43235,2,64,6,52877,40608,23000,0
40,14546,0,38,6,39071,23000,40608,0
64,1181,2,64,17,12987,57392,53,0
64,1182,2,64,17,12986,57392,53,0
64,2092,0,38,17,35116,53,57392,0
64,57890,0,38,17,44853,53,57392,0
60,53034,2,64,6,43058,40610,23000,0
48,27280,0,38,6,26329,23000,40610,0
40,53035,2,64,6,43077,40610,23000,0
121,53036,2,64,6,42995,40610,23000,0
40,14509,0,38,6,39108,23000,40610,0
321,36648,0,38,6,16688,23000,40610,0
40,53037,2,64,6,43075,40610,23000,0
40,42691,0,38,6,10926,23000,40610,0
40,53038,2,64,6,43074,40610,23000,0
40,15072,0,38,6,38545,23000,40610,0
40,19055,2,64,6,11522,40250,53,0
40,10538,0,38,6,43079,53,40250,0
40,35165,0,38,6,18452,53,40250,0
40,0,2,64,6,30577,40250,53,0
60,56945,2,64,6,39147,40260,53,0
48,61938,0,38,6,57206,53,40260,0
40,56946,2,64,6,39166,40260,53,0
72,56947,2,64,6,39133,40260,53,0
40,52140,0,38,6,1477,53,40260,0
99,22807,0,38,6,30751,53,40260,0
40,56948,2,64,6,39164,40260,53,0
60,61933,2,64,17,34148,56813,53,0
60,61934,2,64,17,34147,56813,53,0
60,12903,0,38,17,40683,53,56813,0
60,20886,0,38,17,32700,53,56813,0
40,51797,0,38,6,1820,53,63614,0
40,0,2,64,6,30577,63614,53,0
40,13929,0,38,6,39688,53,63615,0
40,0,2,64,6,30577,63615,53,0
40,47875,0,38,6,5742,53,63616,0
40,0,2,64,6,30577,63616,53,0
64,1270,2,64,17,12898,44915,53,0
64,1271,2,64,17,12897,44915,53,0
64,17986,0,38,17,19222,53,44915,0
225,46177,0,38,17,56405,53,44915,0
70,1272,2,64,17,12890,50206,53,0
70,22166,0,38,17,15036,53,50206,0
40,25565,0,38,6,28052,53,63617,0
40,0,2,64,6,30577,63617,53,0
40,22094,0,38,6,31523,53,63618,0
40,0,2,64,6,30577,63618,53,0
40,21631,0,38,6,31986,53,63619,0
40,0,2,64,6,30577,63619,53,0
40,39755,0,38,6,13862,53,63626,0
40,0,2,64,6,30577,63626,53,0
40,15047,0,38,6,38570,53,63629,0
40,0,2,64,6,30577,63629,53,0
60,62016,2,64,17,34065,56813,53,0
60,62017,2,64,17,34064,56813,53,0
60,61872,0,38,17,57249,53,56813,0
60,50187,0,38,17,3399,53,56813,0
60,1325,2,64,17,12847,34905,53,0
60,1326,2,64,17,12846,34905,53,0
60,49001,0,38,17,53746,53,34905,0
60,64686,0,38,17,38061,53,34905,0
40,56949,2,64,6,39163,40260,53,0
40,61087,0,38,6,58065,53,40260,0
40,10791,0,38,6,42826,53,40260,0
40,0,2,64,6,30577,40260,53,0
40,22644,0,38,6,30973,53,63614,0
40,0,2,64,6,30577,63614,53,0
40,31806,0,38,6,21811,53,63615,0
40,0,2,64,6,30577,63615,53,0
40,35227,0,38,6,18390,53,63616,0
40,0,2,64,6,30577,63616,53,0
40,45313,0,38,6,8304,53,63617,0
40,0,2,64,6,30577,63617,53,0
40,22880,0,38,6,30737,53,63618,0
40,0,2,64,6,30577,63618,53,0
40,30579,0,38,6,23038,53,63619,0
40,0,2,64,6,30577,63619,53,0
40,51608,0,38,6,2009,53,63626,0
40,0,2,64,6,30577,63626,53,0
40,41812,0,38,6,11805,53,63629,0
40,0,2,64,6,30577,63629,53,0
60,44956,2,64,6,51136,40614,23000,0
48,28944,0,38,6,24665,23000,40614,0
40,44957,2,64,6,51155,40614,23000,0
121,44958,2,64,6,51073,40614,23000,0
40,22124,0,38,6,31493,23000,40614,0
321,753,0,38,6,52583,23000,40614,0
40,44959,2,64,6,51153,40614,23000,0
40,31266,0,38,6,22351,23000,40614,0
40,44960,2,64,6,51152,40614,23000,0
40,30276,0,38,6,23341,23000,40614,0
60,17875,2,64,6,12682,40616,23000,0
48,7088,0,38,6,46521,23000,40616,0
40,17876,2,64,6,12701,40616,23000,0
121,17877,2,64,6,12619,40616,23000,0
40,29446,0,38,6,24171,23000,40616,0
321,20339,0,38,6,32997,23000,40616,0
40,17878,2,64,6,12699,40616,23000,0
40,27656,0,38,6,25961,23000,40616,0
40,17879,2,64,6,12698,40616,23000,0
40,14442,0,38,6,39175,23000,40616,0
63,1497,2,64,17,12672,33708,53,0
63,1498,2,64,17,12671,33708,53,0
63,25841,0,38,17,11368,53,33708,0
63,19013,0,38,17,18196,53,33708,0
60,14653,2,64,6,15904,40618,23000,0
48,21292,0,38,6,32317,23000,40618,0
40,14654,2,64,6,15923,40618,23000,0
121,14655,2,64,6,15841,40618,23000,0
40,26178,0,38,6,27439,23000,40618,0
321,14221,0,38,6,39115,23000,40618,0
40,14656,2,64,6,15921,40618,23000,0
40,55268,0,38,6,63884,23000,40618,0
40,14657,2,64,6,15920,40618,23000,0
40,45944,0,38,6,7673,23000,40618,0
28,13270,0,42,1,39340,8,0,0
44,32052,0,41,6,20793,37047,443,0
40,61562,0,38,6,57590,443,37047,0
40,859,0,54,6,48662,37047,80,0
40,63046,0,38,6,56106,80,37047,0
40,6746,0,49,1,44060,13,0,0
71,1553,2,64,17,12608,47685,53,0
71,15239,0,38,17,21962,53,47685,0
44,43237,0,48,6,7816,37303,23000,0
44,27068,0,38,6,26545,23000,37303,0
40,0,2,64,6,30577,37303,23000,0
64,1565,2,64,17,12603,57070,53,0
64,1566,2,64,17,12602,57070,53,0
64,56114,0,38,17,46629,53,57070,0
225,11700,0,38,17,25347,53,57070,0
70,1567,2,64,17,12595,52074,53,0
70,1348,0,38,17,35854,53,52074,0
40,18058,0,38,6,35559,23000,37303,0
40,0,2,64,6,30577,37303,23000,0
40,30534,0,38,6,23083,53,46739,0
40,0,2,64,6,30577,46739,53,0
60,13539,2,64,6,17018,40620,23000,0
48,56833,0,38,6,62311,23000,40620,0
40,13540,2,64,6,17037,40620,23000,0
121,13541,2,64,6,16955,40620,23000,0
40,52361,0,38,6,1256,23000,40620,0
321,40478,0,38,6,12858,23000,40620,0
40,13542,2,64,6,17035,40620,23000,0
40,21229,0,38,6,32388,23000,40620,0
40,13543,2,64,6,17034,40620,23000,0
40,22126,0,38,6,31491,23000,40620,0