duration,flags,protocol,src,dest,payload,packet_id
17,9,2,5848,2091,2079814,4070
44,2,4,8065,2548,9874801,1547
9,3,3,5711,7956,596465,822
49,3,4,5066,1267,1269310,311
52,2,1,8690,1226,1200851,9808
14,7,4,9701,1818,2329805,4763
17,1,1,5968,3024,2030574,9721
30,7,0,4426,5747,2868173,6561
45,10,5,5391,3172,7844046,5022
1,6,2,2776,1325,2442553,6041
46,8,3,1227,8193,1106909,4701
14,8,6,7748,4683,8187170,1030
7,5,6,5688,3071,9362272,8885
24,5,5,5276,9686,359965,1505
29,3,4,4790,4358,8706029,5501
30,10,5,9532,8606,2886370,2724
14,9,1,1675,3807,8497724,5621
40,9,5,8886,1920,4926915,9439
50,10,4,3073,7610,3867185,2200
38,10,0,3761,1356,4328868,7969
18,3,0,4166,2211,9884715,4805
53,4,0,2873,6913,5816001,8181
46,2,4,2469,1097,4539355,4978
26,8,2,1926,5211,7048337,3609
3,4,3,4960,9057,6549976,8841
2,6,3,6508,3542,3336470,659
20,10,2,7940,4930,2775844,8576
56,4,2,2086,8167,5177282,6705
28,8,4,1300,7636,8427933,3740
4,9,1,8483,2249,5226138,3215
30,3,1,1372,5843,2242494,8237
56,0,1,7562,7593,4457527,6719
15,2,6,5316,5405,3653160,8426
39,1,5,6351,7537,8049635,4597
29,6,3,8113,3104,9075529,2176
21,1,4,5098,5278,2887276,9101
20,4,4,9944,2933,4629956,2505
43,8,4,8408,2424,2239834,9784
33,5,3,8334,8928,6786771,1711
46,5,2,8775,7888,8708833,5379
9,1,2,7035,3713,5525059,5549
47,6,0,6770,1806,7216891,2040
48,6,6,9718,4701,3165531,2810
42,5,5,2793,9661,5920509,1278
7,9,5,7038,4141,6366222,201
34,9,3,4426,7025,8416227,3440
25,6,1,1791,8466,5939154,9453
2,9,2,3533,8688,2456849,5947
23,7,3,7953,1644,6858502,6180
54,6,2,2122,7178,2758705,7062
26,8,1,1964,2145,4842596,3594
28,2,5,9671,5332,2933688,923
57,9,4,6242,5223,8421726,3306
33,6,6,8196,1704,6859066,3735
7,7,2,8601,1059,8689445,1570
56,2,3,3634,6029,2473802,440
48,5,6,3497,7708,6193842,6555
48,7,0,6236,1869,2439461,8083
33,4,1,7759,4029,3738286,5431
55,8,6,5383,7990,3174482,2055
45,0,0,6733,4956,6059850,3495
29,0,1,7857,8551,3010145,435
1,2,3,7183,9611,8238767,2568
1,4,2,2995,1420,4713522,9211
12,1,4,6635,7820,4231454,8241
3,7,3,2899,5064,1969487,5944
17,3,1,2776,9524,9543331,8913
27,6,6,9133,4859,5020533,7589
39,10,6,5740,8643,1229732,2218
59,7,1,8249,7932,1360743,2356
10,3,0,5526,2091,5357935,7903
8,9,2,9664,1473,4797135,1791
41,9,6,4214,8366,7638863,4446
1,0,6,7853,3885,4939949,5969
60,7,0,3148,6666,3292324,4428
25,0,0,4201,1520,5489211,5440
13,9,1,1594,6668,827947,4222
35,8,5,8646,5121,9940904,4120
6,1,1,8832,1770,2012975,5268
14,1,2,1498,6783,2833961,6991
10,6,1,5877,8701,7340701,8955
41,1,6,3395,9525,3542275,286
14,5,2,1479,9669,5441465,3339
14,6,3,3777,9949,4715490,466
39,1,6,2825,6621,966233,7856
42,7,6,5628,7831,5109421,3117
56,5,4,3441,3500,9339280,6247
27,9,6,2358,1237,4136088,7893
46,7,5,4855,8311,8416452,530
49,3,2,6926,2860,1002518,386
12,8,0,6146,1062,509873,4533
6,10,1,4838,7858,3868826,7592
32,10,4,7081,6065,4594617,4358
21,8,2,5576,5206,5723088,7615
9,5,4,3866,6415,9856699,4768
44,0,5,7487,9350,9307375,9037
31,9,3,4359,2737,7247828,483
34,6,2,6340,4787,2521455,6369
3,1,6,5667,7957,2975160,1326
5,9,2,2080,6744,8261113,7024
33,3,4,8236,9607,4705943,2045
58,10,5,9611,4033,5024920,6394
19,0,4,9038,4448,6474919,5123
44,4,0,4793,6126,308486,7843
41,6,3,7391,6723,937864,8799
60,3,0,2357,8366,5066089,6372
14,1,4,8485,4596,638937,1069
19,5,0,1633,4103,5405397,222
17,4,6,7357,3764,2899420,822
17,3,6,5363,9846,1392598,4302
40,10,2,7157,8231,7657540,6344
45,5,3,4023,5660,4618361,8173
1,10,5,3115,6199,2879552,6131
36,9,2,7812,7092,1184760,2568
39,7,1,2334,8883,4479385,3834
49,7,0,4720,2945,5368651,4890
5,1,6,1419,2039,4087805,6682
35,2,4,4373,7246,1927873,1885
5,7,3,3950,9609,1524167,8786
16,9,1,1638,7241,7371078,2930
38,2,0,1875,4425,6656634,5181
47,0,1,8156,3003,2940905,2130
55,1,3,6360,7234,6461225,9548
2,10,6,8269,5647,4144063,9165
51,2,2,1700,9083,5030375,7024
19,3,0,1965,2403,1141149,6514
14,10,5,6694,8558,9267440,8547
18,4,0,4842,6989,7677696,7890
5,3,3,2151,4895,6221715,6341
51,3,4,2977,1292,1691467,2090
54,5,4,1615,7653,8039342,6529
8,8,1,9103,7096,1246653,6142
4,10,2,7334,1960,763879,1618
56,6,1,1096,6925,1758112,485
20,4,6,5824,8605,7905333,9800
33,5,2,6756,4479,2972177,2375
51,0,0,3247,1041,5549881,8942
55,4,1,3535,7527,6381298,8585
32,3,1,2114,6976,1179327,5421
21,5,1,2862,6997,1933193,9376
5,4,5,8942,2474,9999063,7473
3,6,1,4370,1271,1995697,1640
21,5,4,3487,4233,4568985,677
0,5,0,8543,3067,2688332,7631
20,6,6,3117,9958,7419894,2986
25,6,2,5271,5128,5591698,9170
53,5,3,1668,2256,6464343,5015
25,5,0,1624,7427,9468242,1929
42,4,1,7185,6893,5230994,2989
40,6,5,3282,5677,1118126,839
10,2,0,6245,4125,2689621,6098
32,2,4,6564,7754,8078683,3640
26,5,5,2146,4481,6882149,4042
20,3,0,9731,3140,2607466,7508
58,3,4,9214,7511,8133268,62
30,2,4,3461,4275,9848880,7979
42,6,1,6308,4960,641784,7936
11,1,1,7760,1428,6838366,3842
12,10,3,6105,8053,4173501,4982
15,10,1,5319,4828,4640736,6135
20,6,5,8075,3388,6134425,2534
45,8,2,2848,7933,3733224,5473
6,8,0,6653,1265,481668,2723
29,7,2,6261,8903,5692693,9539
14,4,6,4253,8461,1487356,3421
26,3,3,4952,8317,7351283,2638
44,9,2,6409,5559,2616342,9339
19,2,5,9664,8743,1747347,9859
34,6,6,3195,1717,4545420,3244
41,6,0,2034,1154,7427472,7598
56,2,0,4919,1518,451187,3572
48,3,1,1981,2741,2532297,5662
2,8,4,1967,7934,2813896,3875
4,7,0,2391,1037,8416470,804
10,7,5,9865,1460,4587783,6142
50,10,3,4892,4795,9774792,2721
1,10,3,9492,8152,2865233,6761
15,4,2,4717,3813,9090311,1395
10,5,1,6148,6870,9983157,9729
47,2,2,3937,9833,4322907,3807
58,2,3,9671,1474,4487731,4033
58,5,5,8375,9183,9897925,1013
49,9,4,1861,7928,2528933,8222
41,9,0,8620,6232,6542181,3825
55,3,2,6101,4526,2433936,4480
51,0,5,9740,2130,3430990,295
17,5,6,9345,8135,8326720,4363
38,3,4,3889,9682,5164103,79
0,10,0,8006,9875,8274973,2252
12,8,2,5706,1131,6411478,1379
41,3,4,8875,2339,5739550,8981
38,9,5,6073,6618,3908909,2077
43,3,5,3111,5336,2034052,866
60,9,1,7114,9656,3909933,9121
51,1,2,5831,6639,1608538,7240
35,7,2,8690,9358,3743858,8534
34,4,2,7138,1967,829493,235
9,7,3,1839,1367,4293840,3919
35,5,6,3279,4830,6566875,1216
57,4,3,4376,3742,3551250,2996
46,3,3,8310,5288,714031,9269
1,5,0,2016,1937,48122,4263
37,7,6,9229,8813,580763,9406
29,5,1,8422,8362,6507375,6333
58,10,6,9418,1087,7076070,9489
8,6,0,3259,2345,6672336,6325
39,6,2,3726,6274,2342133,9150
31,6,5,3160,8853,4534443,3942
22,4,4,2271,4645,5354969,6481
27,3,1,5234,1361,2214980,7125
0,3,6,2307,4722,4511363,4411
7,1,1,5801,5616,4588884,668
16,3,3,9499,9698,2363963,3863
36,3,1,5205,3492,6804853,3752
13,1,0,2187,5475,4887768,7771
16,7,0,4839,3695,5791878,9613
59,3,3,7927,8455,2299966,6734
37,1,6,8971,2031,4503410,9084
24,9,0,8014,1818,2371905,5824
49,4,1,6745,5739,5832691,4433
39,2,2,1393,9761,7630439,1605
36,8,6,7836,3945,7634630,5459
57,1,6,1697,4343,6959540,7942
36,0,6,1364,3571,1031612,318
2,3,0,6621,1748,4848794,4289
3,10,3,4669,2207,3121059,4730
51,0,3,9578,7025,4192762,6651
30,1,2,4877,4404,7640918,5054
21,2,4,4879,2316,1565787,5391
27,10,3,7617,2265,5460800,7199
12,2,4,7472,6517,6963355,1496
43,6,6,8577,6165,5717540,1908
4,7,6,1931,2288,4888257,2121
33,1,4,7156,2912,1559844,6867
10,6,6,1849,3462,2029160,8100
27,0,2,6870,8101,1687828,4314
38,10,5,7888,1398,3260679,8593
27,5,4,8316,1179,490516,7995
40,9,3,2909,9051,8894239,2181
6,10,2,5572,7719,6572322,1920
24,2,5,2067,4618,9897989,7050
59,0,1,1542,8051,273589,1751
29,6,0,8629,9832,6379832,5055
18,5,0,1347,4548,850943,8087
43,0,1,8899,5140,1840320,8151
28,5,0,1172,8766,1738935,7925
9,4,1,9533,1833,5568121,9173
54,7,5,2366,7395,8707114,3032
5,2,0,2885,3556,5295564,1769
39,2,1,6532,7262,5078123,8816
21,5,5,1858,2491,1547294,6234
22,10,1,1952,9706,7325293,9863
14,3,3,2579,7368,1387390,7318
38,1,5,6704,6259,2952069,6045
19,7,4,2947,7100,7603330,2590
27,6,2,9945,7367,7677489,6066
6,4,1,3813,5606,7176763,327
39,3,0,6135,8047,5658965,6054
18,5,0,4860,9858,5066787,8741
43,0,5,9804,4751,8276909,2404
54,9,6,6139,5651,3744211,4118
27,5,2,1294,9192,4155456,9433
57,4,2,8488,8298,1540555,2200
27,8,4,8814,2459,9361187,2506
4,10,3,1535,2964,6957610,1611
2,3,4,8044,6889,9376690,9727
21,2,1,9789,5395,9900062,5937
50,1,1,3705,4971,653561,327
6,5,0,5906,8836,4390948,8496
25,10,2,8242,4540,7227604,2244
47,4,5,2908,2837,5076209,8094
32,10,4,7487,6225,4400371,2874
4,3,4,1796,1738,8932435,1794
40,6,5,3542,1891,3442749,4017
16,8,3,5493,8306,9884253,4819
29,5,3,9337,2019,9788098,8580
50,0,6,1056,6606,3391923,3842
28,4,4,2575,7140,6840892,4145
31,6,2,8624,6682,273708,1698
34,10,6,2170,9370,7218696,63
53,5,5,9634,9306,1594544,2654
15,9,1,3578,7636,9287262,7282
55,9,2,6807,7094,4359238,7608
39,2,0,2913,4898,5324413,6996
17,6,2,6526,7960,1972946,323
56,6,3,2013,8904,1788181,7574
30,7,2,9972,4456,5079530,1249
58,5,3,6249,3828,4358718,2839
11,10,4,5932,7841,1986863,3339
53,7,2,2647,9357,4055851,7804
28,5,1,6224,7493,1825708,4874
8,6,2,3857,8828,5377604,3498
3,3,0,2954,8786,8375523,3626
35,9,6,9635,9393,12344,5878
51,5,0,8941,1896,843306,9793
19,10,3,6897,7625,838356,4408
60,8,3,3798,5703,7084223,1149
2,10,6,2693,8450,2167045,6394
5,5,6,8940,5642,8795926,607
30,0,6,5396,8508,4286435,6759
5,7,2,2768,9382,7732818,6954
26,2,1,8831,6619,3190290,7296
59,7,0,3979,7506,7133188,2655
47,10,3,4301,5190,1211998,5722
38,6,3,2584,3427,9777336,9810
52,0,2,7546,2663,5932933,7146
4,2,0,4477,4022,339800,7149
52,8,5,9626,8946,9209159,1617
60,2,6,3292,3172,550091,883
48,0,5,1673,7429,2353741,4737
42,6,2,3719,9236,2206392,8338
10,8,3,1876,6500,9733395,6859
60,10,2,1615,7547,5805996,4061
40,0,5,1858,6286,5730206,6160
18,4,0,4217,3100,7108835,2474
26,2,4,4558,4517,7567713,2231
21,0,5,8582,4335,2473193,6290
4,9,3,4219,4808,2562948,5453
11,3,0,6040,4097,5438126,3695
24,0,4,4842,9463,1214528,5670
30,10,5,2570,7746,6806448,9678
26,7,3,5842,1982,1078531,3580
59,9,6,3602,8125,6394686,314
28,1,2,5469,8713,6838093,7078
34,5,6,6194,9894,5885597,9340
17,0,1,4619,3998,6756863,1200
35,9,4,3399,9466,3033137,4672
42,4,2,4350,9321,9538156,4463
56,4,6,4685,8298,3900709,4271
47,1,2,4676,4185,2431600,7706
41,8,1,1035,4956,3517775,1067
50,10,0,2973,9142,6947947,1187
10,2,0,1383,2113,7341072,1830
22,7,0,5572,5852,5294652,7083
23,4,4,9495,7304,1830094,3419
57,3,1,7891,7982,9274192,4433
54,8,3,5678,2727,5162989,5363
58,2,6,8373,7767,5114400,4761
39,7,2,8013,2217,4737930,4607
1,9,6,3116,9168,8487666,2771
47,4,4,6960,3057,8491654,5739
36,2,6,9989,6721,6738346,1887
52,2,0,9369,7367,160034,367
27,7,4,4081,7732,3134553,4761
12,10,6,7209,1041,3116190,7293
49,10,1,2369,9880,3156131,8844
26,8,4,8743,7502,6061161,3963
18,3,4,1913,2934,2857077,508
24,4,5,2572,3571,7405740,1759
45,3,2,8356,5324,5171015,3178
46,10,1,6054,4862,6709224,2293
12,6,3,7059,8859,7137217,4106
53,7,3,2995,9024,3329430,9333
55,6,1,6521,5138,8998532,107
21,7,4,7931,3731,3404430,5119
0,1,3,4682,2835,7331706,9449
44,0,6,5004,6746,7827715,2041
28,3,6,4293,7454,2407774,1459
17,3,6,1670,2518,5524936,8818
29,2,6,2373,8014,679698,3008
24,3,2,9735,7169,7046255,8985
26,6,2,1648,7192,7891198,5312
56,8,1,6430,1711,3321362,9999
4,0,1,2135,8557,410992,1574
4,1,5,5141,7999,8973991,7110
2,0,6,2013,2755,612476,6198
48,4,2,2800,3368,2688617,1887
3,7,4,4829,8610,4034710,1710
10,10,5,7667,2533,6120093,3545
42,5,6,4896,7755,7160957,1465
44,2,5,1563,5899,5000130,5725
36,2,0,7453,2691,4523619,2410
22,1,2,6629,2827,1858889,9259
3,8,0,4469,3719,1352464,7004
40,8,0,3785,2670,4296819,2338
56,2,5,2377,6043,9996327,1781
24,5,0,6556,1947,3404427,6574
45,10,2,2458,1954,5958815,6319
23,4,3,2536,2831,479090,5818
5,5,4,9620,2633,6920311,3877
33,8,6,2184,1238,6775019,6264
46,9,5,1891,5369,8442188,7280
25,6,4,5593,7368,1270518,9351
4,7,0,4228,1286,8679411,6711
20,8,3,6526,9075,3015082,3055
33,3,2,7806,6475,313398,2077
57,4,5,7817,7768,3905409,6322
52,8,0,1830,8511,9088634,3051
57,0,3,9815,6029,2193219,5045
23,0,5,2104,4731,3871912,6220
19,6,6,5125,9498,4452492,6887
14,9,3,6101,8862,6798752,250
54,1,6,3518,7826,2973562,3063
36,0,6,8641,6578,5337460,5035
7,3,0,3518,3373,8604273,90
26,10,6,2852,8409,8213661,7207
1,0,3,3469,7067,3708217,3637
31,0,2,6100,7734,9041226,6247
31,2,6,5314,2781,633306,8523
44,3,5,5249,4709,5943868,6723
19,7,6,8275,1650,9453944,9552
13,4,5,1781,5990,7146812,1916
10,3,3,4372,8923,1663071,5480
59,6,3,2760,6074,4100114,6918
56,8,0,7600,6784,3709284,2101
6,1,0,2054,7355,6137636,4626
4,6,3,2360,8500,764918,7304
49,8,2,1072,4891,4281690,7912
19,6,0,1901,4489,9071964,9957
23,6,1,1506,4693,628260,1398
40,6,0,2702,2481,5441276,7044
51,4,1,9224,9581,8339381,1068
45,5,3,3906,9692,8478712,9778
60,3,6,3276,5820,2315107,3262
60,9,4,6723,1102,2423401,8952
20,3,6,7104,2465,1947195,7833
31,7,2,5441,1833,5259095,7474
46,9,5,4494,4784,6638923,4594
5,6,2,4383,4363,832776,3452
33,4,6,5648,8447,4899424,4165
17,1,4,1424,8188,2731898,9637
43,2,3,2376,2061,8979466,7030
10,1,2,6368,9209,2222451,3732
3,6,6,1265,6629,2705246,9233
49,8,4,5274,9297,7110585,3743
50,0,3,1093,3234,2037603,1658
5,1,5,9851,5499,7118720,5242
31,8,2,2019,5463,8968485,8932
14,1,3,1622,6309,1905062,6316
25,0,1,3567,4669,9012909,9245
33,5,5,9593,2929,6143578,7086
43,1,1,4296,5343,5143294,1770
50,3,3,6736,6462,6598580,9726
24,1,2,1947,6088,8445251,9426
19,8,3,9076,4464,1374319,1533
16,4,5,4810,8826,907599,3281
30,3,6,6316,2681,7127386,971
49,1,4,5884,9408,543215,4571
38,1,6,8609,7804,4699624,6284
2,0,3,8633,4081,5443857,2835
49,1,0,1036,6679,8133692,9835
34,7,2,5501,5574,8564943,8628
53,0,4,3876,1533,724763,9267
51,7,2,4651,9848,4133538,3544
49,5,4,9392,2119,8640732,5955
21,3,5,9249,8481,1607547,7196
10,7,0,4268,5461,591797,6921
47,3,1,2996,6335,1683867,9311
40,10,6,6182,6627,2542551,2242
22,4,0,6809,2582,5954783,6039
53,9,6,9004,9686,1416384,5815
23,7,2,2347,8575,2660424,8386
16,8,1,2886,6353,2364665,8493
54,1,5,9073,3547,3704632,1882
58,8,4,2712,5850,7485537,306
25,3,0,5451,9472,2579686,8021
7,9,5,8637,8401,8895302,297
55,9,6,1139,1064,8314688,9525
9,0,4,1760,4477,4650878,4449
10,2,3,4747,2499,6892247,1281
53,10,6,5435,9262,4081734,7018
8,6,4,3234,3902,6172977,654
35,6,4,2372,5678,4490121,5198
10,5,3,7264,8551,1736382,2489
59,6,1,8908,2397,8065475,3087
45,3,0,8669,7895,9160024,6308
9,3,1,8808,6300,9662931,1582
17,5,6,8968,9288,8969793,5378
25,3,6,4355,9722,2506992,1920
10,8,1,8315,8608,6815682,7618
36,3,4,3879,8588,7420456,2639
56,8,3,3885,9278,6907321,2694
37,7,3,9729,3518,2615437,3375
58,2,0,5994,3689,9065323,4040
21,3,5,5122,2198,1887162,135
4,10,0,5179,3890,6002172,3195
23,7,5,4639,5550,3585916,6536
22,10,4,4013,5053,847455,5589
28,10,1,9704,7828,8670369,2407
57,6,3,8014,9651,5885987,9624
26,3,5,4837,2832,8368829,6409
57,7,6,2991,7336,7538291,9072
38,8,4,6693,7300,9072574,2111
34,10,6,6622,7557,1380277,360
15,1,2,6474,4700,2788348,9374
41,7,0,8767,9916,4234894,1543
22,7,3,1452,7522,2550827,5377
51,3,2,6804,7730,463299,3388
30,0,3,4811,5711,8323130,8060
14,6,5,3371,4471,305247,7728
60,6,4,9855,7290,1945855,4384
26,8,3,6741,2997,9989438,7555
28,4,2,4367,5536,4779762,3576
42,4,0,3463,2015,5300985,9224
27,10,4,3292,5552,8237634,9223
20,4,6,3644,9391,3447666,1375
25,3,5,7270,1461,2968494,9023
18,3,1,3390,6194,2815667,6638
60,10,1,6986,9705,3551066,3685
19,1,2,9788,9450,7505410,6204